number,value,datetime_start,datetime_complete,duration,params_balancing,params_ccp_alpha,params_class_weight,params_drop_correlated,params_feature_selection,params_n_estimators,params_n_jobs,params_number_features,user_attrs_Pipeline,user_attrs_balancing_indicator,user_attrs_cluster_indicator,user_attrs_damping,user_attrs_drop_correlated,user_attrs_feature_selection,user_attrs_missing_indicator,user_attrs_number_features,user_attrs_outlier_indicator,user_attrs_scaling_indicator,user_attrs_train_average_precision_score,user_attrs_train_balanced_accuracy,user_attrs_train_f1_score,user_attrs_train_matthews_corrcoef,user_attrs_train_precision_score,user_attrs_train_recall_score,user_attrs_val_average_precision_score,user_attrs_val_balanced_accuracy,user_attrs_val_f1_score,user_attrs_val_matthews_corrcoef,user_attrs_val_precision_score,user_attrs_val_recall_score,state
0,0.0,2022-10-09 15:49:50.231898,2022-10-09 15:50:02.963999,0 days 00:00:12.732101,no,0.005589518470993454,balanced,no,MutualInformation,100,2,16.0,"Pipeline(memory='Caching',
         steps=[('missing',
                 ColumnTransformer(n_jobs=2, remainder='passthrough',
                                   transformers=[('missingtransform',
                                                  MissingTransformer(continuous=['Sensor1',
                                                                                 'Sensor2',
                                                                                 'Sensor3',
                                                                                 'Sensor4',
                                                                                 'Sensor5',
                                                                                 'Sensor7',
                                                                                 'Sensor8',
                                                                                 'Sensor9',
                                                                                 'Sensor10',
                                                                                 'Sensor11',
                                                                                 'Sensor12',
                                                                                 'Sensor13',
                                                                                 'Sensor15',
                                                                                 'Sensor16',
                                                                                 'Sensor17',
                                                                                 'Sensor18',
                                                                                 'Sensor19',
                                                                                 'Sensor20',...
                                                         'Sensor17', 'Sensor18',
                                                         'Sensor19', 'Sensor20',
                                                         'Sensor21', 'Sensor22',
                                                         'Sensor23', 'Sensor24',
                                                         'Sensor25', 'Sensor26',
                                                         'Sensor27', 'Sensor28',
                                                         'Sensor29', 'Sensor30',
                                                         'Sensor31', 'Sensor32', ...],
                                             drop_correlated='no',
                                             method='MutualInformation',
                                             model=RandomForestClassifier(ccp_alpha=0.005589518470993454,
                                                                          class_weight='balanced',
                                                                          n_jobs=2,
                                                                          random_state=120),
                                             number=16))])",no,no,,no,MutualInformation,no,16.0,retained,no,1.0,1.0,1.0,1.0,1.0,1.0,0.04477631859918855,0.49765258215962443,0.0,-0.008434089989487624,0.0,0.0,COMPLETE
1,0.08471800067544749,2022-10-09 15:50:03.155853,2022-10-09 15:50:13.616595,0 days 00:00:10.460742,smotetomek,0.004240561896400364,balanced_subsample,yes,Lasso,100,2,2.0,"Pipeline(memory='Caching',
         steps=[('missing',
                 ColumnTransformer(n_jobs=2, remainder='passthrough',
                                   transformers=[('missingtransform',
                                                  MissingTransformer(continuous=['Sensor1',
                                                                                 'Sensor2',
                                                                                 'Sensor3',
                                                                                 'Sensor4',
                                                                                 'Sensor5',
                                                                                 'Sensor7',
                                                                                 'Sensor8',
                                                                                 'Sensor9',
                                                                                 'Sensor10',
                                                                                 'Sensor11',
                                                                                 'Sensor12',
                                                                                 'Sensor13',
                                                                                 'Sensor15',
                                                                                 'Sensor16',
                                                                                 'Sensor17',
                                                                                 'Sensor18',
                                                                                 'Sensor19',
                                                                                 'Sensor20',...
                                                         'Sensor17', 'Sensor18',
                                                         'Sensor19', 'Sensor20',
                                                         'Sensor21', 'Sensor22',
                                                         'Sensor23', 'Sensor24',
                                                         'Sensor25', 'Sensor26',
                                                         'Sensor27', 'Sensor28',
                                                         'Sensor29', 'Sensor30',
                                                         'Sensor31', 'Sensor32', ...],
                                             drop_correlated='yes',
                                             method='Lasso',
                                             model=RandomForestClassifier(ccp_alpha=0.004240561896400364,
                                                                          class_weight='balanced_subsample',
                                                                          n_jobs=2,
                                                                          random_state=120),
                                             number=2))])",smotetomek,no,,yes,Lasso,no,2.0,retained,no,0.12408026546030813,0.7822900059739126,0.24539243123313917,0.2737492410606813,0.14581296839361355,0.7833333333333333,0.04603657073514588,0.5135177628596083,0.08471800067544749,0.012253715655440076,0.04866871479774706,0.3333333333333333,COMPLETE
2,0.08888888888888889,2022-10-09 15:50:13.809397,2022-10-09 15:50:27.628887,0 days 00:00:13.819490,smotetomek,0.0,balanced,no,Lasso,100,2,25.0,"Pipeline(memory='Caching',
         steps=[('missing',
                 ColumnTransformer(n_jobs=2, remainder='passthrough',
                                   transformers=[('missingtransform',
                                                  MissingTransformer(continuous=['Sensor1',
                                                                                 'Sensor2',
                                                                                 'Sensor3',
                                                                                 'Sensor4',
                                                                                 'Sensor5',
                                                                                 'Sensor7',
                                                                                 'Sensor8',
                                                                                 'Sensor9',
                                                                                 'Sensor10',
                                                                                 'Sensor11',
                                                                                 'Sensor12',
                                                                                 'Sensor13',
                                                                                 'Sensor15',
                                                                                 'Sensor16',
                                                                                 'Sensor17',
                                                                                 'Sensor18',
                                                                                 'Sensor19',
                                                                                 'Sensor20',...
                                                         'Sensor12', 'Sensor13',
                                                         'Sensor15', 'Sensor16',
                                                         'Sensor17', 'Sensor18',
                                                         'Sensor19', 'Sensor20',
                                                         'Sensor21', 'Sensor22',
                                                         'Sensor23', 'Sensor24',
                                                         'Sensor25', 'Sensor26',
                                                         'Sensor27', 'Sensor28',
                                                         'Sensor29', 'Sensor30',
                                                         'Sensor31', 'Sensor32', ...],
                                             drop_correlated='no',
                                             method='Lasso',
                                             model=RandomForestClassifier(class_weight='balanced',
                                                                          n_jobs=2,
                                                                          random_state=120),
                                             number=25))])",smotetomek,no,,no,Lasso,no,25.0,retained,no,1.0,1.0,1.0,1.0,1.0,1.0,0.0684534486440316,0.5247407602416159,0.08888888888888889,0.06715338684310757,0.13333333333333333,0.06666666666666667,COMPLETE
3,0.058879392212725555,2022-10-09 15:50:27.869149,2022-10-09 15:50:32.634449,0 days 00:00:04.765300,smotetomek,0.0,None,yes,ANOVA,100,2,3.0,"Pipeline(memory='Caching',
         steps=[('missing',
                 ColumnTransformer(n_jobs=2, remainder='passthrough',
                                   transformers=[('missingtransform',
                                                  MissingTransformer(continuous=['Sensor1',
                                                                                 'Sensor2',
                                                                                 'Sensor3',
                                                                                 'Sensor4',
                                                                                 'Sensor5',
                                                                                 'Sensor7',
                                                                                 'Sensor8',
                                                                                 'Sensor9',
                                                                                 'Sensor10',
                                                                                 'Sensor11',
                                                                                 'Sensor12',
                                                                                 'Sensor13',
                                                                                 'Sensor15',
                                                                                 'Sensor16',
                                                                                 'Sensor17',
                                                                                 'Sensor18',
                                                                                 'Sensor19',
                                                                                 'Sensor20',...
                                                         'Sensor10', 'Sensor11',
                                                         'Sensor12', 'Sensor13',
                                                         'Sensor15', 'Sensor16',
                                                         'Sensor17', 'Sensor18',
                                                         'Sensor19', 'Sensor20',
                                                         'Sensor21', 'Sensor22',
                                                         'Sensor23', 'Sensor24',
                                                         'Sensor25', 'Sensor26',
                                                         'Sensor27', 'Sensor28',
                                                         'Sensor29', 'Sensor30',
                                                         'Sensor31', 'Sensor32', ...],
                                             drop_correlated='yes',
                                             method='ANOVA',
                                             model=RandomForestClassifier(n_jobs=2,
                                                                          random_state=120),
                                             number=3))])",smotetomek,no,,yes,ANOVA,no,3.0,retained,no,0.2608498907812217,0.7241958123971516,0.4427996385443194,0.4209656509077478,0.43580246913580245,0.5,0.04643859568090278,0.505732525997104,0.058879392212725555,0.0008161937554407775,0.03814002089864159,0.13333333333333333,COMPLETE
4,0.10000000000000002,2022-10-09 15:50:32.821139,2022-10-09 15:50:34.626899,0 days 00:00:01.805760,smoteenc,0.002736318407960199,None,no,FeatureImportance_ET,100,2,21.0,"Pipeline(memory='Caching',
         steps=[('missing',
                 ColumnTransformer(n_jobs=2, remainder='passthrough',
                                   transformers=[('missingtransform',
                                                  MissingTransformer(continuous=['Sensor1',
                                                                                 'Sensor2',
                                                                                 'Sensor3',
                                                                                 'Sensor4',
                                                                                 'Sensor5',
                                                                                 'Sensor7',
                                                                                 'Sensor8',
                                                                                 'Sensor9',
                                                                                 'Sensor10',
                                                                                 'Sensor11',
                                                                                 'Sensor12',
                                                                                 'Sensor13',
                                                                                 'Sensor15',
                                                                                 'Sensor16',
                                                                                 'Sensor17',
                                                                                 'Sensor18',
                                                                                 'Sensor19',
                                                                                 'Sensor20',...
                                                         'Sensor15', 'Sensor16',
                                                         'Sensor17', 'Sensor18',
                                                         'Sensor19', 'Sensor20',
                                                         'Sensor21', 'Sensor22',
                                                         'Sensor23', 'Sensor24',
                                                         'Sensor25', 'Sensor26',
                                                         'Sensor27', 'Sensor28',
                                                         'Sensor29', 'Sensor30',
                                                         'Sensor31', 'Sensor32', ...],
                                             drop_correlated='no',
                                             method='FeatureImportance_ET',
                                             model=RandomForestClassifier(ccp_alpha=0.002736318407960199,
                                                                          n_jobs=2,
                                                                          random_state=120),
                                             number=21))])",smoteenc,no,,no,FeatureImportance_ET,no,21.0,retained,no,0.1513272250242981,0.6183599777169392,0.30858858858858856,0.3084657466637109,0.4568627450980392,0.25,0.05713725176169122,0.5455728138300207,0.10000000000000002,0.06762889046810971,0.08333333333333333,0.13333333333333333,COMPLETE
5,0.05128205128205129,2022-10-09 15:50:34.814833,2022-10-09 15:50:40.975696,0 days 00:00:06.160863,smoteenn,0.005589518470993454,None,yes,MutualInformation,100,2,17.0,"Pipeline(memory='Caching',
         steps=[('missing',
                 ColumnTransformer(n_jobs=2, remainder='passthrough',
                                   transformers=[('missingtransform',
                                                  MissingTransformer(continuous=['Sensor1',
                                                                                 'Sensor2',
                                                                                 'Sensor3',
                                                                                 'Sensor4',
                                                                                 'Sensor5',
                                                                                 'Sensor7',
                                                                                 'Sensor8',
                                                                                 'Sensor9',
                                                                                 'Sensor10',
                                                                                 'Sensor11',
                                                                                 'Sensor12',
                                                                                 'Sensor13',
                                                                                 'Sensor15',
                                                                                 'Sensor16',
                                                                                 'Sensor17',
                                                                                 'Sensor18',
                                                                                 'Sensor19',
                                                                                 'Sensor20',...
                                                         'Sensor15', 'Sensor16',
                                                         'Sensor17', 'Sensor18',
                                                         'Sensor19', 'Sensor20',
                                                         'Sensor21', 'Sensor22',
                                                         'Sensor23', 'Sensor24',
                                                         'Sensor25', 'Sensor26',
                                                         'Sensor27', 'Sensor28',
                                                         'Sensor29', 'Sensor30',
                                                         'Sensor31', 'Sensor32', ...],
                                             drop_correlated='yes',
                                             method='MutualInformation',
                                             model=RandomForestClassifier(ccp_alpha=0.005589518470993454,
                                                                          n_jobs=2,
                                                                          random_state=120),
                                             number=17))])",smoteenn,no,,yes,MutualInformation,no,17.0,retained,no,0.45723471884414923,0.9138072515237142,0.6472222222222223,0.6508198475432886,0.5205182072829132,0.8666666666666667,0.05063684125266002,0.5132932590349992,0.05128205128205129,0.007687043531863609,0.034482758620689655,0.09999999999999999,COMPLETE
6,0.05128205128205127,2022-10-09 15:50:41.179454,2022-10-09 15:51:10.190359,0 days 00:00:29.010905,smotetomek,0.004477611940298508,balanced,yes,BorutaShap,100,2,,"Pipeline(memory='Caching',
         steps=[('missing',
                 ColumnTransformer(n_jobs=2, remainder='passthrough',
                                   transformers=[('missingtransform',
                                                  MissingTransformer(continuous=['Sensor1',
                                                                                 'Sensor2',
                                                                                 'Sensor3',
                                                                                 'Sensor4',
                                                                                 'Sensor5',
                                                                                 'Sensor7',
                                                                                 'Sensor8',
                                                                                 'Sensor9',
                                                                                 'Sensor10',
                                                                                 'Sensor11',
                                                                                 'Sensor12',
                                                                                 'Sensor13',
                                                                                 'Sensor15',
                                                                                 'Sensor16',
                                                                                 'Sensor17',
                                                                                 'Sensor18',
                                                                                 'Sensor19',
                                                                                 'Sensor20',...
                                                         'Sensor15', 'Sensor16',
                                                         'Sensor17', 'Sensor18',
                                                         'Sensor19', 'Sensor20',
                                                         'Sensor21', 'Sensor22',
                                                         'Sensor23', 'Sensor24',
                                                         'Sensor25', 'Sensor26',
                                                         'Sensor27', 'Sensor28',
                                                         'Sensor29', 'Sensor30',
                                                         'Sensor31', 'Sensor32', ...],
                                             drop_correlated='yes',
                                             method='BorutaShap',
                                             model=RandomForestClassifier(ccp_alpha=0.004477611940298508,
                                                                          class_weight='balanced',
                                                                          n_jobs=2,
                                                                          random_state=120)))])",smotetomek,no,,yes,BorutaShap,no,,retained,no,0.729357149306287,0.8583333333333334,0.8284157363104732,0.8378637261840479,1.0,0.7166666666666667,0.05439266139938786,0.5135440890409957,0.05128205128205127,0.04742003250023665,0.1111111111111111,0.03333333333333333,COMPLETE
7,0.049818840579710144,2022-10-09 15:51:10.412010,2022-10-09 15:51:23.568428,0 days 00:00:13.156418,smotetomek,0.0,balanced_subsample,no,Lasso,100,2,5.0,"Pipeline(memory='Caching',
         steps=[('missing',
                 ColumnTransformer(n_jobs=2, remainder='passthrough',
                                   transformers=[('missingtransform',
                                                  MissingTransformer(continuous=['Sensor1',
                                                                                 'Sensor2',
                                                                                 'Sensor3',
                                                                                 'Sensor4',
                                                                                 'Sensor5',
                                                                                 'Sensor7',
                                                                                 'Sensor8',
                                                                                 'Sensor9',
                                                                                 'Sensor10',
                                                                                 'Sensor11',
                                                                                 'Sensor12',
                                                                                 'Sensor13',
                                                                                 'Sensor15',
                                                                                 'Sensor16',
                                                                                 'Sensor17',
                                                                                 'Sensor18',
                                                                                 'Sensor19',
                                                                                 'Sensor20',...
                                                         'Sensor12', 'Sensor13',
                                                         'Sensor15', 'Sensor16',
                                                         'Sensor17', 'Sensor18',
                                                         'Sensor19', 'Sensor20',
                                                         'Sensor21', 'Sensor22',
                                                         'Sensor23', 'Sensor24',
                                                         'Sensor25', 'Sensor26',
                                                         'Sensor27', 'Sensor28',
                                                         'Sensor29', 'Sensor30',
                                                         'Sensor31', 'Sensor32', ...],
                                             drop_correlated='no',
                                             method='Lasso',
                                             model=RandomForestClassifier(class_weight='balanced_subsample',
                                                                          n_jobs=2,
                                                                          random_state=120),
                                             number=5))])",smotetomek,no,,no,Lasso,no,5.0,retained,no,0.9841269841269842,0.9996096799375488,0.991869918699187,0.9915855543266979,0.9841269841269842,1.0,0.04498343100734731,0.4768066341977096,0.049818840579710144,-0.027323755873496804,0.030864197530864196,0.13333333333333333,COMPLETE
8,0.02469135802469136,2022-10-09 15:51:23.774956,2022-10-09 15:51:37.851669,0 days 00:00:14.076713,smoteenc,0.004477611940298508,balanced,no,Lasso,100,2,12.0,"Pipeline(memory='Caching',
         steps=[('missing',
                 ColumnTransformer(n_jobs=2, remainder='passthrough',
                                   transformers=[('missingtransform',
                                                  MissingTransformer(continuous=['Sensor1',
                                                                                 'Sensor2',
                                                                                 'Sensor3',
                                                                                 'Sensor4',
                                                                                 'Sensor5',
                                                                                 'Sensor7',
                                                                                 'Sensor8',
                                                                                 'Sensor9',
                                                                                 'Sensor10',
                                                                                 'Sensor11',
                                                                                 'Sensor12',
                                                                                 'Sensor13',
                                                                                 'Sensor15',
                                                                                 'Sensor16',
                                                                                 'Sensor17',
                                                                                 'Sensor18',
                                                                                 'Sensor19',
                                                                                 'Sensor20',...
                                                         'Sensor15', 'Sensor16',
                                                         'Sensor17', 'Sensor18',
                                                         'Sensor19', 'Sensor20',
                                                         'Sensor21', 'Sensor22',
                                                         'Sensor23', 'Sensor24',
                                                         'Sensor25', 'Sensor26',
                                                         'Sensor27', 'Sensor28',
                                                         'Sensor29', 'Sensor30',
                                                         'Sensor31', 'Sensor32', ...],
                                             drop_correlated='no',
                                             method='Lasso',
                                             model=RandomForestClassifier(ccp_alpha=0.004477611940298508,
                                                                          class_weight='balanced',
                                                                          n_jobs=2,
                                                                          random_state=120),
                                             number=12))])",smoteenc,no,,no,Lasso,no,12.0,retained,no,0.66056431712319,0.9648406834449319,0.7990502621029911,0.7995242039585534,0.6905033238366571,0.9500000000000001,0.04524233460200224,0.4822890614716336,0.02469135802469136,-0.030829340309309474,0.0196078431372549,0.03333333333333333,COMPLETE
9,0.0,2022-10-09 15:51:38.038165,2022-10-09 15:51:39.391892,0 days 00:00:01.353727,no,0.005589518470993454,None,no,ANOVA,100,2,11.0,"Pipeline(memory='Caching',
         steps=[('missing',
                 ColumnTransformer(n_jobs=2, remainder='passthrough',
                                   transformers=[('missingtransform',
                                                  MissingTransformer(continuous=['Sensor1',
                                                                                 'Sensor2',
                                                                                 'Sensor3',
                                                                                 'Sensor4',
                                                                                 'Sensor5',
                                                                                 'Sensor7',
                                                                                 'Sensor8',
                                                                                 'Sensor9',
                                                                                 'Sensor10',
                                                                                 'Sensor11',
                                                                                 'Sensor12',
                                                                                 'Sensor13',
                                                                                 'Sensor15',
                                                                                 'Sensor16',
                                                                                 'Sensor17',
                                                                                 'Sensor18',
                                                                                 'Sensor19',
                                                                                 'Sensor20',...
                                                         'Sensor12', 'Sensor13',
                                                         'Sensor15', 'Sensor16',
                                                         'Sensor17', 'Sensor18',
                                                         'Sensor19', 'Sensor20',
                                                         'Sensor21', 'Sensor22',
                                                         'Sensor23', 'Sensor24',
                                                         'Sensor25', 'Sensor26',
                                                         'Sensor27', 'Sensor28',
                                                         'Sensor29', 'Sensor30',
                                                         'Sensor31', 'Sensor32', ...],
                                             drop_correlated='no',
                                             method='ANOVA',
                                             model=RandomForestClassifier(ccp_alpha=0.005589518470993454,
                                                                          n_jobs=2,
                                                                          random_state=120),
                                             number=11))])",no,no,,no,ANOVA,no,11.0,retained,no,0.14029520838140333,0.5499999999999999,0.1717171717171717,0.24960358481317887,0.6666666666666666,0.10000000000000002,0.04477631859918855,0.5,0.0,0.0,0.0,0.0,COMPLETE
10,0.0767543859649123,2022-10-09 15:51:39.605980,2022-10-09 15:51:41.602164,0 days 00:00:01.996184,smoteenc,0.0014782089552238791,None,no,FeatureImportance_ET,100,2,24.0,"Pipeline(memory='Caching',
         steps=[('missing',
                 ColumnTransformer(n_jobs=2, remainder='passthrough',
                                   transformers=[('missingtransform',
                                                  MissingTransformer(continuous=['Sensor1',
                                                                                 'Sensor2',
                                                                                 'Sensor3',
                                                                                 'Sensor4',
                                                                                 'Sensor5',
                                                                                 'Sensor7',
                                                                                 'Sensor8',
                                                                                 'Sensor9',
                                                                                 'Sensor10',
                                                                                 'Sensor11',
                                                                                 'Sensor12',
                                                                                 'Sensor13',
                                                                                 'Sensor15',
                                                                                 'Sensor16',
                                                                                 'Sensor17',
                                                                                 'Sensor18',
                                                                                 'Sensor19',
                                                                                 'Sensor20',...
                                                         'Sensor15', 'Sensor16',
                                                         'Sensor17', 'Sensor18',
                                                         'Sensor19', 'Sensor20',
                                                         'Sensor21', 'Sensor22',
                                                         'Sensor23', 'Sensor24',
                                                         'Sensor25', 'Sensor26',
                                                         'Sensor27', 'Sensor28',
                                                         'Sensor29', 'Sensor30',
                                                         'Sensor31', 'Sensor32', ...],
                                             drop_correlated='no',
                                             method='FeatureImportance_ET',
                                             model=RandomForestClassifier(ccp_alpha=0.0014782089552238791,
                                                                          n_jobs=2,
                                                                          random_state=120),
                                             number=24))])",smoteenc,no,,no,FeatureImportance_ET,no,24.0,retained,no,0.27205927623404375,0.6476580796252928,0.4023529411764706,0.4395517724981272,0.7285714285714285,0.3,0.05006299650357946,0.5273375455223553,0.0767543859649123,0.041649054794139044,0.06734006734006734,0.10000000000000002,COMPLETE
11,0.07809847198641766,2022-10-09 15:51:41.788682,2022-10-09 15:51:43.582258,0 days 00:00:01.793576,smotetomek,0.0,balanced,no,FeatureImportance_ET,100,2,28.0,"Pipeline(memory='Caching',
         steps=[('missing',
                 ColumnTransformer(n_jobs=2, remainder='passthrough',
                                   transformers=[('missingtransform',
                                                  MissingTransformer(continuous=['Sensor1',
                                                                                 'Sensor2',
                                                                                 'Sensor3',
                                                                                 'Sensor4',
                                                                                 'Sensor5',
                                                                                 'Sensor7',
                                                                                 'Sensor8',
                                                                                 'Sensor9',
                                                                                 'Sensor10',
                                                                                 'Sensor11',
                                                                                 'Sensor12',
                                                                                 'Sensor13',
                                                                                 'Sensor15',
                                                                                 'Sensor16',
                                                                                 'Sensor17',
                                                                                 'Sensor18',
                                                                                 'Sensor19',
                                                                                 'Sensor20',...
                                                         'Sensor12', 'Sensor13',
                                                         'Sensor15', 'Sensor16',
                                                         'Sensor17', 'Sensor18',
                                                         'Sensor19', 'Sensor20',
                                                         'Sensor21', 'Sensor22',
                                                         'Sensor23', 'Sensor24',
                                                         'Sensor25', 'Sensor26',
                                                         'Sensor27', 'Sensor28',
                                                         'Sensor29', 'Sensor30',
                                                         'Sensor31', 'Sensor32', ...],
                                             drop_correlated='no',
                                             method='FeatureImportance_ET',
                                             model=RandomForestClassifier(class_weight='balanced',
                                                                          n_jobs=2,
                                                                          random_state=120),
                                             number=28))])",smotetomek,no,,no,FeatureImportance_ET,no,28.0,retained,no,1.0,1.0,1.0,1.0,1.0,1.0,0.05035159679217976,0.5281200181358139,0.07809847198641766,0.04327335971481879,0.06878306878306878,0.10000000000000002,COMPLETE
12,0.11264367816091954,2022-10-09 15:51:43.770129,2022-10-09 15:51:45.440313,0 days 00:00:01.670184,smoteenn,0.002736318407960199,None,no,FeatureImportance_ET,100,2,23.0,"Pipeline(memory='Caching',
         steps=[('missing',
                 ColumnTransformer(n_jobs=2, remainder='passthrough',
                                   transformers=[('missingtransform',
                                                  MissingTransformer(continuous=['Sensor1',
                                                                                 'Sensor2',
                                                                                 'Sensor3',
                                                                                 'Sensor4',
                                                                                 'Sensor5',
                                                                                 'Sensor7',
                                                                                 'Sensor8',
                                                                                 'Sensor9',
                                                                                 'Sensor10',
                                                                                 'Sensor11',
                                                                                 'Sensor12',
                                                                                 'Sensor13',
                                                                                 'Sensor15',
                                                                                 'Sensor16',
                                                                                 'Sensor17',
                                                                                 'Sensor18',
                                                                                 'Sensor19',
                                                                                 'Sensor20',...
                                                         'Sensor15', 'Sensor16',
                                                         'Sensor17', 'Sensor18',
                                                         'Sensor19', 'Sensor20',
                                                         'Sensor21', 'Sensor22',
                                                         'Sensor23', 'Sensor24',
                                                         'Sensor25', 'Sensor26',
                                                         'Sensor27', 'Sensor28',
                                                         'Sensor29', 'Sensor30',
                                                         'Sensor31', 'Sensor32', ...],
                                             drop_correlated='no',
                                             method='FeatureImportance_ET',
                                             model=RandomForestClassifier(ccp_alpha=0.002736318407960199,
                                                                          n_jobs=2,
                                                                          random_state=120),
                                             number=23))])",smoteenn,no,,no,FeatureImportance_ET,no,23.0,retained,no,0.14948816725353878,0.6458339288921141,0.30652014652014653,0.2945930854206259,0.35555555555555557,0.31666666666666665,0.05916146869415692,0.5463516300293976,0.11264367816091954,0.07905683896081322,0.10175438596491228,0.13333333333333333,COMPLETE
13,0.09856630824372759,2022-10-09 15:51:45.624310,2022-10-09 15:51:47.537734,0 days 00:00:01.913424,smoteenn,0.002736318407960199,balanced_subsample,no,FeatureImportance_ET,100,2,20.0,"Pipeline(memory='Caching',
         steps=[('missing',
                 ColumnTransformer(n_jobs=2, remainder='passthrough',
                                   transformers=[('missingtransform',
                                                  MissingTransformer(continuous=['Sensor1',
                                                                                 'Sensor2',
                                                                                 'Sensor3',
                                                                                 'Sensor4',
                                                                                 'Sensor5',
                                                                                 'Sensor7',
                                                                                 'Sensor8',
                                                                                 'Sensor9',
                                                                                 'Sensor10',
                                                                                 'Sensor11',
                                                                                 'Sensor12',
                                                                                 'Sensor13',
                                                                                 'Sensor15',
                                                                                 'Sensor16',
                                                                                 'Sensor17',
                                                                                 'Sensor18',
                                                                                 'Sensor19',
                                                                                 'Sensor20',...
                                                         'Sensor17', 'Sensor18',
                                                         'Sensor19', 'Sensor20',
                                                         'Sensor21', 'Sensor22',
                                                         'Sensor23', 'Sensor24',
                                                         'Sensor25', 'Sensor26',
                                                         'Sensor27', 'Sensor28',
                                                         'Sensor29', 'Sensor30',
                                                         'Sensor31', 'Sensor32', ...],
                                             drop_correlated='no',
                                             method='FeatureImportance_ET',
                                             model=RandomForestClassifier(ccp_alpha=0.002736318407960199,
                                                                          class_weight='balanced_subsample',
                                                                          n_jobs=2,
                                                                          random_state=120),
                                             number=20))])",smoteenn,no,,no,FeatureImportance_ET,no,20.0,retained,no,0.12197165505581853,0.6268207606293499,0.2716049382716049,0.25081071498832747,0.2976190476190476,0.2833333333333333,0.05468360737419034,0.5408889473915142,0.09856630824372759,0.06023058401548163,0.07936507936507936,0.13333333333333333,COMPLETE
14,0.05555555555555556,2022-10-09 15:51:47.747735,2022-10-09 15:51:59.987808,0 days 00:00:12.240073,smoteenc,0.002736318407960199,None,,FeatureWiz,100,2,,"Pipeline(memory='Caching',
         steps=[('missing',
                 ColumnTransformer(n_jobs=2, remainder='passthrough',
                                   transformers=[('missingtransform',
                                                  MissingTransformer(continuous=['Sensor1',
                                                                                 'Sensor2',
                                                                                 'Sensor3',
                                                                                 'Sensor4',
                                                                                 'Sensor5',
                                                                                 'Sensor7',
                                                                                 'Sensor8',
                                                                                 'Sensor9',
                                                                                 'Sensor10',
                                                                                 'Sensor11',
                                                                                 'Sensor12',
                                                                                 'Sensor13',
                                                                                 'Sensor15',
                                                                                 'Sensor16',
                                                                                 'Sensor17',
                                                                                 'Sensor18',
                                                                                 'Sensor19',
                                                                                 'Sensor20',...
                                                         'Sensor12', 'Sensor13',
                                                         'Sensor15', 'Sensor16',
                                                         'Sensor17', 'Sensor18',
                                                         'Sensor19', 'Sensor20',
                                                         'Sensor21', 'Sensor22',
                                                         'Sensor23', 'Sensor24',
                                                         'Sensor25', 'Sensor26',
                                                         'Sensor27', 'Sensor28',
                                                         'Sensor29', 'Sensor30',
                                                         'Sensor31', 'Sensor32', ...],
                                             drop_correlated='no',
                                             method='FeatureWiz',
                                             model=RandomForestClassifier(ccp_alpha=0.002736318407960199,
                                                                          n_jobs=2,
                                                                          random_state=120)))])",smoteenc,no,,no,FeatureWiz,no,,retained,no,0.9522388084656721,0.975,0.9739091318038686,0.9733355954486146,1.0,0.9500000000000001,0.05994821695494341,0.5158841940532081,0.05555555555555556,0.06973869989935262,0.16666666666666666,0.03333333333333333,COMPLETE
15,0.03809523809523809,2022-10-09 15:52:00.195761,2022-10-09 15:52:11.437323,0 days 00:00:11.241562,smoteenn,0.002736318407960199,None,no,Lasso,100,2,29.0,"Pipeline(memory='Caching',
         steps=[('missing',
                 ColumnTransformer(n_jobs=2, remainder='passthrough',
                                   transformers=[('missingtransform',
                                                  MissingTransformer(continuous=['Sensor1',
                                                                                 'Sensor2',
                                                                                 'Sensor3',
                                                                                 'Sensor4',
                                                                                 'Sensor5',
                                                                                 'Sensor7',
                                                                                 'Sensor8',
                                                                                 'Sensor9',
                                                                                 'Sensor10',
                                                                                 'Sensor11',
                                                                                 'Sensor12',
                                                                                 'Sensor13',
                                                                                 'Sensor15',
                                                                                 'Sensor16',
                                                                                 'Sensor17',
                                                                                 'Sensor18',
                                                                                 'Sensor19',
                                                                                 'Sensor20',...
                                                         'Sensor12', 'Sensor13',
                                                         'Sensor15', 'Sensor16',
                                                         'Sensor17', 'Sensor18',
                                                         'Sensor19', 'Sensor20',
                                                         'Sensor21', 'Sensor22',
                                                         'Sensor23', 'Sensor24',
                                                         'Sensor25', 'Sensor26',
                                                         'Sensor27', 'Sensor28',
                                                         'Sensor29', 'Sensor30',
                                                         'Sensor31', 'Sensor32', ...],
                                             drop_correlated='no',
                                             method='Lasso',
                                             model=RandomForestClassifier(ccp_alpha=0.002736318407960199,
                                                                          n_jobs=2,
                                                                          random_state=120),
                                             number=29))])",smoteenn,no,,no,Lasso,no,29.0,retained,no,0.5560597310452933,0.9800808493950955,0.7103716907638477,0.7286844342516353,0.5560597310452933,1.0,0.04712011531069827,0.4989557281383002,0.03809523809523809,-0.011486211193288957,0.02666666666666667,0.06666666666666667,COMPLETE
16,0.0,2022-10-09 15:52:11.646051,2022-10-09 15:52:13.398964,0 days 00:00:01.752913,no,0.002736318407960199,None,no,FeatureImportance_ET,100,2,21.0,"Pipeline(memory='Caching',
         steps=[('missing',
                 ColumnTransformer(n_jobs=2, remainder='passthrough',
                                   transformers=[('missingtransform',
                                                  MissingTransformer(continuous=['Sensor1',
                                                                                 'Sensor2',
                                                                                 'Sensor3',
                                                                                 'Sensor4',
                                                                                 'Sensor5',
                                                                                 'Sensor7',
                                                                                 'Sensor8',
                                                                                 'Sensor9',
                                                                                 'Sensor10',
                                                                                 'Sensor11',
                                                                                 'Sensor12',
                                                                                 'Sensor13',
                                                                                 'Sensor15',
                                                                                 'Sensor16',
                                                                                 'Sensor17',
                                                                                 'Sensor18',
                                                                                 'Sensor19',
                                                                                 'Sensor20',...
                                                         'Sensor15', 'Sensor16',
                                                         'Sensor17', 'Sensor18',
                                                         'Sensor19', 'Sensor20',
                                                         'Sensor21', 'Sensor22',
                                                         'Sensor23', 'Sensor24',
                                                         'Sensor25', 'Sensor26',
                                                         'Sensor27', 'Sensor28',
                                                         'Sensor29', 'Sensor30',
                                                         'Sensor31', 'Sensor32', ...],
                                             drop_correlated='no',
                                             method='FeatureImportance_ET',
                                             model=RandomForestClassifier(ccp_alpha=0.002736318407960199,
                                                                          n_jobs=2,
                                                                          random_state=120),
                                             number=21))])",no,no,,no,FeatureImportance_ET,no,21.0,retained,no,0.6497507047481467,0.8166666666666668,0.7752525252525252,0.7889402656282257,1.0,0.6333333333333333,0.04477631859918855,0.4976635514018692,0.0,-0.008395302496992786,0.0,0.0,COMPLETE
17,0.07976190476190477,2022-10-09 15:52:13.598606,2022-10-09 15:52:15.457925,0 days 00:00:01.859319,smoteenn,0.0,None,no,FeatureImportance_ET,100,2,20.0,"Pipeline(memory='Caching',
         steps=[('missing',
                 ColumnTransformer(n_jobs=2, remainder='passthrough',
                                   transformers=[('missingtransform',
                                                  MissingTransformer(continuous=['Sensor1',
                                                                                 'Sensor2',
                                                                                 'Sensor3',
                                                                                 'Sensor4',
                                                                                 'Sensor5',
                                                                                 'Sensor7',
                                                                                 'Sensor8',
                                                                                 'Sensor9',
                                                                                 'Sensor10',
                                                                                 'Sensor11',
                                                                                 'Sensor12',
                                                                                 'Sensor13',
                                                                                 'Sensor15',
                                                                                 'Sensor16',
                                                                                 'Sensor17',
                                                                                 'Sensor18',
                                                                                 'Sensor19',
                                                                                 'Sensor20',...
                                                         'Sensor10', 'Sensor11',
                                                         'Sensor12', 'Sensor13',
                                                         'Sensor15', 'Sensor16',
                                                         'Sensor17', 'Sensor18',
                                                         'Sensor19', 'Sensor20',
                                                         'Sensor21', 'Sensor22',
                                                         'Sensor23', 'Sensor24',
                                                         'Sensor25', 'Sensor26',
                                                         'Sensor27', 'Sensor28',
                                                         'Sensor29', 'Sensor30',
                                                         'Sensor31', 'Sensor32', ...],
                                             drop_correlated='no',
                                             method='FeatureImportance_ET',
                                             model=RandomForestClassifier(n_jobs=2,
                                                                          random_state=120),
                                             number=20))])",smoteenn,no,,no,FeatureImportance_ET,no,20.0,retained,no,0.3487592005311028,0.8248664115842597,0.5481563694660254,0.5455688214107902,0.4893529893529894,0.6833333333333332,0.05020453089511386,0.5299635821157475,0.07976190476190477,0.035004092425235125,0.05696969696969697,0.13333333333333333,COMPLETE
18,0.05555555555555556,2022-10-09 15:52:15.678993,2022-10-09 15:52:48.475869,0 days 00:00:32.796876,smoteenc,0.002736318407960199,balanced_subsample,no,BorutaShap,100,2,,"Pipeline(memory='Caching',
         steps=[('missing',
                 ColumnTransformer(n_jobs=2, remainder='passthrough',
                                   transformers=[('missingtransform',
                                                  MissingTransformer(continuous=['Sensor1',
                                                                                 'Sensor2',
                                                                                 'Sensor3',
                                                                                 'Sensor4',
                                                                                 'Sensor5',
                                                                                 'Sensor7',
                                                                                 'Sensor8',
                                                                                 'Sensor9',
                                                                                 'Sensor10',
                                                                                 'Sensor11',
                                                                                 'Sensor12',
                                                                                 'Sensor13',
                                                                                 'Sensor15',
                                                                                 'Sensor16',
                                                                                 'Sensor17',
                                                                                 'Sensor18',
                                                                                 'Sensor19',
                                                                                 'Sensor20',...
                                                         'Sensor15', 'Sensor16',
                                                         'Sensor17', 'Sensor18',
                                                         'Sensor19', 'Sensor20',
                                                         'Sensor21', 'Sensor22',
                                                         'Sensor23', 'Sensor24',
                                                         'Sensor25', 'Sensor26',
                                                         'Sensor27', 'Sensor28',
                                                         'Sensor29', 'Sensor30',
                                                         'Sensor31', 'Sensor32', ...],
                                             drop_correlated='no',
                                             method='BorutaShap',
                                             model=RandomForestClassifier(ccp_alpha=0.002736318407960199,
                                                                          class_weight='balanced_subsample',
                                                                          n_jobs=2,
                                                                          random_state=120)))])",smoteenc,no,,no,BorutaShap,no,,retained,no,0.8407971428858056,0.9166666666666666,0.9067969067969068,0.9082655218734321,1.0,0.8333333333333334,0.05994821695494341,0.5151053778538311,0.05555555555555556,0.06491345425824079,0.16666666666666666,0.03333333333333333,COMPLETE
19,0.12499999999999999,2022-10-09 15:52:48.673961,2022-10-09 15:52:53.750301,0 days 00:00:05.076340,smoteenc,0.002736318407960199,None,yes,FeatureImportance_ET,100,2,24.0,"Pipeline(memory='Caching',
         steps=[('missing',
                 ColumnTransformer(n_jobs=2, remainder='passthrough',
                                   transformers=[('missingtransform',
                                                  MissingTransformer(continuous=['Sensor1',
                                                                                 'Sensor2',
                                                                                 'Sensor3',
                                                                                 'Sensor4',
                                                                                 'Sensor5',
                                                                                 'Sensor7',
                                                                                 'Sensor8',
                                                                                 'Sensor9',
                                                                                 'Sensor10',
                                                                                 'Sensor11',
                                                                                 'Sensor12',
                                                                                 'Sensor13',
                                                                                 'Sensor15',
                                                                                 'Sensor16',
                                                                                 'Sensor17',
                                                                                 'Sensor18',
                                                                                 'Sensor19',
                                                                                 'Sensor20',...
                                                         'Sensor15', 'Sensor16',
                                                         'Sensor17', 'Sensor18',
                                                         'Sensor19', 'Sensor20',
                                                         'Sensor21', 'Sensor22',
                                                         'Sensor23', 'Sensor24',
                                                         'Sensor25', 'Sensor26',
                                                         'Sensor27', 'Sensor28',
                                                         'Sensor29', 'Sensor30',
                                                         'Sensor31', 'Sensor32', ...],
                                             drop_correlated='yes',
                                             method='FeatureImportance_ET',
                                             model=RandomForestClassifier(ccp_alpha=0.002736318407960199,
                                                                          n_jobs=2,
                                                                          random_state=120),
                                             number=24))])",smoteenc,no,,yes,FeatureImportance_ET,no,24.0,retained,no,0.5075799578432979,0.7496096799375488,0.6340504961194617,0.6715026564370087,0.9629629629629629,0.5,0.09029201366645312,0.5460949497608705,0.12499999999999999,0.11505988897697324,0.16666666666666666,0.09999999999999999,COMPLETE
