Feature_selector,Drop_correlated_features,Models,Best_params,Cluster_Indicator,Damping_cluster_value,Number_features,Features,Balancing_handled,Missing_values_handled,Outlier_handling_method,Feature_scaling_handled,Outer_fold,bal_acc_inner_train_cv,bal_acc_inner_val_cv,bal_acc_outer_val_cv,precision_inner_train_cv,precision_inner_val_cv,precision_outer_val_cv,recall_inner_train_cv,recall_inner_val_cv,recall_outer_val_cv,f1_inner_train_cv,f1_inner_val_cv,f1_outer_val_cv,mc_inner_train_cv,mc_inner_val_cv,mc_outer_val_cv,average_precision_inner_train_cv,average_precision_inner_val_cv,average_precision_outer_val_cv
Lasso,yes,LogisticRegression,"{'C': 0.49518346654185885, 'class_weight': 'balanced', 'dual': False, 'fit_intercept': True, 'intercept_scaling': 1, 'l1_ratio': None, 'max_iter': 100000, 'multi_class': 'auto', 'n_jobs': 2, 'penalty': 'l2', 'random_state': 120, 'solver': 'saga', 'tol': 0.0001, 'verbose': 0, 'warm_start': False}",yes,0.5651997585897056,23,"['Sensor130', 'Sensor153', 'Sensor152', 'Sensor36', 'Sensor369', 'Sensor102_zero', 'Sensor424', 'Sensor59', 'Sensor38', 'Sensor9', 'Sensor337', 'Sensor122', 'Sensor204', 'Sensor170', 'Sensor15', 'Sensor419_zero', 'Sensor45', 'Sensor96_zero', 'Sensor139', 'Sensor218', 'Sensor484_zero', 'Sensor100', 'cluster_distance']",smoteenc,no,capped,MinMax,1,0.7474389043493055,0.5682796327985219,0.534375,0.5263157894736842,0.17727272727272725,0.1,0.5175438596491228,0.17407407407407405,0.125,0.5176011925237932,0.17525676937441645,0.11111111111111112,0.49776216985015953,0.13799691250447296,0.061879834550931316,0.29405695025858253,0.06984750343494739,0.10976542591723024
MutualInformation,yes,LogisticRegression,"{'C': 0.3462823245086572, 'class_weight': None, 'dual': False, 'fit_intercept': True, 'intercept_scaling': 1, 'l1_ratio': None, 'max_iter': 100000, 'multi_class': 'auto', 'n_jobs': 2, 'penalty': 'l2', 'random_state': 120, 'solver': 'saga', 'tol': 0.0001, 'verbose': 0, 'warm_start': False}",yes,0.7754086385516841,22,"['Sensor240', 'Sensor144', 'Sensor239', 'Sensor220', 'Sensor8', 'Sensor122', 'Sensor168', 'Sensor117', 'Sensor101', 'Sensor156', 'Sensor167', 'Sensor93', 'Sensor544', 'Sensor132', 'Sensor57', 'Sensor104', 'Sensor56', 'Sensor252', 'Sensor543', 'Sensor245', 'Sensor54', 'cluster_distance']",smoteenn,no,retained,Standard,2,0.8900430287602328,0.5628352322310463,0.46875,0.2581534292821606,0.14148841354723707,0.0,0.8964912280701753,0.17407407407407405,0.0,0.4007350595718791,0.15181115181115182,0.0,0.4440868687162867,0.11276300812935126,-0.0562543950463012,0.23723514191324643,0.06087691519965327,0.08570773326382897
Lasso,yes,LogisticRegression,"{'C': 0.9731254460641712, 'class_weight': 'balanced', 'dual': False, 'fit_intercept': True, 'intercept_scaling': 1, 'l1_ratio': None, 'max_iter': 100000, 'multi_class': 'auto', 'n_jobs': 2, 'penalty': 'l1', 'random_state': 120, 'solver': 'saga', 'tol': 0.0001, 'verbose': 0, 'warm_start': False}",no,,30,"['Sensor15', 'Sensor9', 'Sensor130', 'Sensor485_zero', 'Sensor117', 'Sensor544', 'Sensor228', 'Sensor105_zero', 'Sensor41', 'Sensor434', 'Sensor152', 'Sensor59', 'Sensor484_zero', 'Sensor501', 'Sensor110_na', 'Sensor112', 'Sensor212', 'Sensor135', 'Sensor489', 'Sensor126', 'Sensor500_zero', 'Sensor36', 'Sensor512', 'Sensor218', 'Sensor369', 'Sensor96_zero', 'Sensor101', 'Sensor173', 'Sensor168', 'Sensor157']",smoteenc,no,capped,Combine,3,0.8287796908958304,0.5823036871279599,0.5834821428571428,0.5856060606060606,0.13576945929887108,0.09523809523809523,0.6833333333333332,0.23333333333333336,0.2857142857142857,0.6252747252747253,0.1686307519640853,0.14285714285714285,0.6102053414264542,0.12632960443196456,0.10091286119223071,0.4229647697366721,0.07165395238133303,0.09460334590318173
FeatureWiz,no,LogisticRegression,"{'C': 0.13232592146485977, 'class_weight': None, 'dual': False, 'fit_intercept': True, 'intercept_scaling': 1, 'l1_ratio': None, 'max_iter': 100000, 'multi_class': 'auto', 'n_jobs': 2, 'penalty': 'l1', 'random_state': 120, 'solver': 'saga', 'tol': 0.0001, 'verbose': 0, 'warm_start': False}",yes,0.8863318976304557,185,"['Sensor110_na', 'Sensor487', 'Sensor221_na', 'Sensor500_zero', 'Sensor57', 'Sensor4', 'Sensor201', 'Sensor209', 'Sensor26', 'Sensor487_zero', 'Sensor101_zero', 'Sensor500', 'Sensor590', 'Sensor512', 'Sensor123', 'Sensor512_zero', 'Sensor573', 'Sensor347', 'Sensor408', 'Sensor127', 'Sensor289', 'Sensor101', 'Sensor153', 'Sensor58', 'Sensor126', 'Sensor548', 'Sensor564', 'Sensor420', 'Sensor104', 'Sensor15', 'Sensor77', 'Sensor133', 'Sensor488_zero', 'Sensor94', 'Sensor253', 'Sensor214', 'Sensor51', 'Sensor29', 'Sensor164', 'Sensor308', 'Sensor488', 'Sensor76', 'Sensor85', 'Sensor16', 'Sensor49', 'Sensor10', 'Sensor27', 'Sensor139', 'Sensor460', 'Sensor567', 'Sensor121', 'Sensor109', 'Sensor89', 'Sensor118', 'Sensor114', 'Sensor19', 'Sensor226', 'Sensor541', 'Sensor490_zero', 'Sensor1', 'Sensor560', 'Sensor367', 'Sensor56', 'Sensor9', 'Sensor103', 'Sensor130', 'Sensor171', 'Sensor189', 'Sensor369', 'Sensor21', 'Sensor82', 'Sensor78', 'Sensor309', 'Sensor457', 'Sensor252', 'Sensor377', 'Sensor32', 'Sensor572', 'Sensor116', 'Sensor418', 'Sensor472', 'Sensor52', 'Sensor434_zero', 'Sensor424', 'Sensor20', 'Sensor579_na', 'Sensor290', 'Sensor383_na', 'Sensor486_zero', 'Sensor359_na', 'Sensor111', 'Sensor156', 'Sensor59', 'Sensor96_zero', 'Sensor378', 'Sensor105', 'Sensor276', 'Sensor96', 'Sensor552', 'Sensor42', 'Sensor449', 'Sensor165', 'Sensor38', 'Sensor559', 'Sensor366', 'Sensor91', 'Sensor341', 'Sensor335', 'Sensor176', 'Sensor54', 'Sensor169', 'Sensor213', 'Sensor157', 'Sensor583', 'Sensor406', 'Sensor474', 'Sensor563', 'Sensor60', 'Sensor441', 'Sensor122', 'Sensor585', 'Sensor432', 'Sensor392', 'Sensor419', 'Sensor39', 'Sensor95', 'Sensor517_na', 'Sensor86_na', 'Sensor37', 'Sensor198', 'Sensor393', 'Sensor215', 'Sensor287', 'Sensor545', 'Sensor520_na', 'Sensor62', 'Sensor360', 'Sensor95_zero', 'Sensor431', 'Sensor543', 'Sensor344', 'Sensor456', 'Sensor30', 'Sensor72', 'Sensor136', 'Sensor587', 'Sensor571', 'Sensor81', 'Sensor162', 'Sensor218', 'Sensor64', 'Sensor219', 'Sensor281', 'Sensor386', 'Sensor350', 'Sensor69', 'Sensor79', 'Sensor581', 'Sensor358', 'Sensor110', 'Sensor493', 'Sensor363', 'Sensor181', 'Sensor556', 'Sensor278', 'Sensor102', 'Sensor589', 'Sensor476', 'Sensor206', 'Sensor168', 'Sensor307', 'Sensor387', 'Sensor167', 'Sensor354', 'Sensor182', 'Sensor383', 'Sensor554', 'Sensor93', 'Sensor413', 'Sensor578', 'Sensor282', 'Sensor183', 'Sensor92', 'Sensor570', 'cluster_distance']",smoteenn,no,capped,Robust,4,0.9890609595643075,0.5627579600134557,0.5,0.6865177832919769,0.3333333333333333,0.0,1.0,0.13333333333333333,0.0,0.8127308894572322,0.1858974358974359,0.0,0.8188204776454276,0.19423740384657562,0.0,0.6865177832919769,0.10547725816784113,0.041167286793805144
FeatureImportance_ET,yes,LogisticRegression,"{'C': 0.00010245920652697193, 'class_weight': 'balanced', 'dual': False, 'fit_intercept': True, 'intercept_scaling': 1, 'l1_ratio': None, 'max_iter': 100000, 'multi_class': 'auto', 'n_jobs': 2, 'penalty': 'l2', 'random_state': 120, 'solver': 'saga', 'tol': 0.0001, 'verbose': 0, 'warm_start': False}",no,,24,"['Sensor1', 'Sensor26', 'Sensor57', 'Sensor58', 'Sensor59', 'Sensor72', 'Sensor76', 'Sensor89', 'Sensor100', 'Sensor101', 'Sensor104', 'Sensor118', 'Sensor122', 'Sensor130', 'Sensor133', 'Sensor139', 'Sensor157', 'Sensor165', 'Sensor201', 'Sensor211', 'Sensor222', 'Sensor434', 'Sensor588', 'Sensor489_zero']",no,no,retained,Standard,5,0.8098908569815982,0.6752928787679346,0.47455357142857146,0.20322821340004826,0.11327561327561327,0.03125,0.7666666666666666,0.5333333333333333,0.14285714285714285,0.3196837123482215,0.1739576213260424,0.05128205128205128,0.3427941914396982,0.17235253201498005,-0.025913374465524094,0.16724107492274243,0.08678642608014804,0.18347794495643488
BorutaShap,no,LinearSVC,"{'C': 0.004115406126287145, 'class_weight': 'balanced', 'dual': False, 'fit_intercept': True, 'intercept_scaling': 1, 'loss': 'squared_hinge', 'max_iter': 1000, 'multi_class': 'ovr', 'penalty': 'l2', 'random_state': 120, 'tol': 0.0001, 'verbose': 0}",no,,144,"['Sensor345', 'Sensor407', 'Sensor209', 'Sensor152', 'Sensor332', 'Sensor133', 'Sensor481', 'Sensor220', 'Sensor181', 'Sensor295', 'Sensor15', 'Sensor456', 'Sensor167', 'Sensor474', 'Sensor434', 'Sensor182', 'Sensor269', 'Sensor131', 'Sensor228', 'Sensor419', 'Sensor419_zero', 'Sensor472', 'Sensor110', 'Sensor57', 'Sensor16', 'Sensor476', 'Sensor393', 'Sensor33', 'Sensor214', 'Sensor484', 'Sensor527', 'Sensor279', 'Sensor457', 'Sensor91', 'Sensor512', 'Sensor519', 'Sensor276', 'Sensor337', 'Sensor500_zero', 'Sensor425', 'Sensor383', 'Sensor164', 'Sensor54', 'Sensor453', 'Sensor518', 'Sensor55', 'Sensor117', 'Sensor274', 'Sensor305', 'Sensor441', 'Sensor246_na', 'Sensor96', 'Sensor128', 'Sensor573', 'Sensor321', 'Sensor247', 'Sensor56', 'Sensor320', 'Sensor130', 'Sensor20', 'Sensor35', 'Sensor569', 'Sensor97', 'Sensor352', 'Sensor517', 'Sensor292', 'Sensor118', 'Sensor546', 'Sensor96_zero', 'Sensor344', 'Sensor548', 'Sensor104', 'Sensor567', 'Sensor189', 'Sensor511', 'Sensor255', 'Sensor160', 'Sensor431', 'Sensor141', 'Sensor112', 'Sensor151', 'Sensor245', 'Sensor384', 'Sensor288', 'Sensor41', 'Sensor123', 'Sensor480', 'Sensor384_na', 'Sensor127', 'Sensor153', 'Sensor185', 'Sensor9', 'Sensor111', 'Sensor124', 'Sensor61', 'Sensor501', 'Sensor426', 'Sensor34', 'Sensor471', 'Sensor168', 'Sensor51', 'Sensor424', 'Sensor199', 'Sensor132', 'Sensor541', 'Sensor184', 'Sensor202', 'Sensor492', 'Sensor487', 'Sensor287', 'Sensor198', 'Sensor37', 'Sensor102_zero', 'Sensor358', 'Sensor39', 'Sensor122', 'Sensor324', 'Sensor336', 'Sensor490', 'Sensor246', 'Sensor299', 'Sensor565', 'Sensor48', 'Sensor501_zero', 'Sensor170', 'Sensor45', 'Sensor454', 'Sensor325', 'Sensor357', 'Sensor286', 'Sensor470', 'Sensor74', 'Sensor435', 'Sensor340', 'Sensor47', 'Sensor200', 'Sensor105', 'Sensor101', 'Sensor335', 'Sensor490_zero', 'Sensor383_na', 'Sensor318', 'Sensor385', 'Sensor204']",smoteenc,no,capped,Combine,1,0.803631915160795,0.5576292298616901,0.590625,0.33035714285714285,0.09506172839506173,0.15384615384615385,0.6736842105263158,0.2074074074074074,0.25,0.4371135561242598,0.12910052910052908,0.1904761904761905,0.43433632297709224,0.08070650005748943,0.14445928960214818,0.2366627049686998,0.05394071367497708,0.18648000322528624
FeatureImportance_ET,no,LinearSVC,"{'C': 0.29096006638732785, 'class_weight': 'balanced', 'dual': False, 'fit_intercept': True, 'intercept_scaling': 1, 'loss': 'squared_hinge', 'max_iter': 1000, 'multi_class': 'ovr', 'penalty': 'l1', 'random_state': 120, 'tol': 0.0001, 'verbose': 0}",yes,0.584450236576299,26,"['Sensor111', 'Sensor184', 'Sensor246', 'Sensor247', 'Sensor407', 'Sensor419', 'Sensor501', 'Sensor517', 'Sensor518', 'Sensor519', 'Sensor246_na', 'Sensor247_na', 'Sensor347_na', 'Sensor579_na', 'Sensor580_na', 'Sensor581_na', 'Sensor582_na', 'Sensor96_zero', 'Sensor102_zero', 'Sensor419_zero', 'Sensor469_zero', 'Sensor484_zero', 'Sensor490_zero', 'Sensor500_zero', 'Sensor501_zero', 'cluster_distance']",smotetomek,no,retained,MinMax,1,0.6959094659993322,0.574788781146554,0.515625,0.2848967848967849,0.1631313131313131,0.0625,0.44649122807017544,0.20740740740740737,0.125,0.34531772575250835,0.18095238095238095,0.08333333333333333,0.31757155657309544,0.1372323027194915,0.022671132815937866,0.1587386106916435,0.07566474410271122,0.12676253303306972
FeatureImportance_ET,no,LinearSVC,"{'C': 0.11351419362696476, 'class_weight': None, 'dual': False, 'fit_intercept': True, 'intercept_scaling': 1, 'loss': 'squared_hinge', 'max_iter': 1000, 'multi_class': 'ovr', 'penalty': 'l1', 'random_state': 120, 'tol': 0.0001, 'verbose': 0}",yes,0.5149780000135604,19,"['Sensor111_na', 'Sensor112_na', 'Sensor245_na', 'Sensor247_na', 'Sensor383_na', 'Sensor384_na', 'Sensor385_na', 'Sensor517_na', 'Sensor518_na', 'Sensor519_na', 'Sensor101_zero', 'Sensor102_zero', 'Sensor419_zero', 'Sensor434_zero', 'Sensor484_zero', 'Sensor490_zero', 'Sensor500_zero', 'Sensor501_zero', 'cluster_distance']",smotetomek,no,capped,MinMax,2,0.6532029537015015,0.591936388145418,0.68125,0.195839874411303,0.16984126984126982,0.15384615384615385,0.37982456140350873,0.23703703703703705,0.5,0.25442303358124857,0.18676470588235294,0.23529411764705882,0.22416153714221063,0.15354067240836108,0.2134431145846522,0.10126790236074096,0.07373146368662063,0.12379951509832465
BorutaShap,yes,LinearSVC,"{'C': 0.014848555838569153, 'class_weight': 'balanced', 'dual': False, 'fit_intercept': True, 'intercept_scaling': 1, 'loss': 'squared_hinge', 'max_iter': 1000, 'multi_class': 'ovr', 'penalty': 'l2', 'random_state': 120, 'tol': 0.0001, 'verbose': 0}",no,,257,"['Sensor1', 'Sensor2', 'Sensor3', 'Sensor4', 'Sensor5', 'Sensor7', 'Sensor8', 'Sensor9', 'Sensor10', 'Sensor11', 'Sensor12', 'Sensor13', 'Sensor15', 'Sensor16', 'Sensor17', 'Sensor18', 'Sensor20', 'Sensor21', 'Sensor22', 'Sensor23', 'Sensor24', 'Sensor25', 'Sensor26', 'Sensor27', 'Sensor28', 'Sensor29', 'Sensor30', 'Sensor32', 'Sensor33', 'Sensor34', 'Sensor35', 'Sensor36', 'Sensor38', 'Sensor39', 'Sensor40', 'Sensor41', 'Sensor42', 'Sensor44', 'Sensor45', 'Sensor46', 'Sensor47', 'Sensor48', 'Sensor49', 'Sensor52', 'Sensor54', 'Sensor55', 'Sensor56', 'Sensor57', 'Sensor58', 'Sensor59', 'Sensor60', 'Sensor62', 'Sensor64', 'Sensor68', 'Sensor69', 'Sensor72', 'Sensor73', 'Sensor76', 'Sensor77', 'Sensor78', 'Sensor79', 'Sensor80', 'Sensor81', 'Sensor82', 'Sensor83', 'Sensor84', 'Sensor85', 'Sensor86', 'Sensor87', 'Sensor88', 'Sensor89', 'Sensor90', 'Sensor91', 'Sensor92', 'Sensor93', 'Sensor94', 'Sensor95', 'Sensor96', 'Sensor99', 'Sensor100', 'Sensor101', 'Sensor103', 'Sensor104', 'Sensor108', 'Sensor109', 'Sensor110', 'Sensor111', 'Sensor113', 'Sensor114', 'Sensor116', 'Sensor117', 'Sensor118', 'Sensor119', 'Sensor120', 'Sensor121', 'Sensor122', 'Sensor123', 'Sensor126', 'Sensor127', 'Sensor129', 'Sensor130', 'Sensor132', 'Sensor133', 'Sensor134', 'Sensor135', 'Sensor136', 'Sensor137', 'Sensor138', 'Sensor139', 'Sensor140', 'Sensor141', 'Sensor143', 'Sensor144', 'Sensor145', 'Sensor146', 'Sensor147', 'Sensor149', 'Sensor151', 'Sensor152', 'Sensor153', 'Sensor156', 'Sensor157', 'Sensor158', 'Sensor160', 'Sensor161', 'Sensor162', 'Sensor163', 'Sensor164', 'Sensor165', 'Sensor166', 'Sensor167', 'Sensor168', 'Sensor169', 'Sensor170', 'Sensor171', 'Sensor172', 'Sensor173', 'Sensor174', 'Sensor176', 'Sensor177', 'Sensor178', 'Sensor181', 'Sensor182', 'Sensor183', 'Sensor184', 'Sensor185', 'Sensor186', 'Sensor188', 'Sensor189', 'Sensor196', 'Sensor197', 'Sensor198', 'Sensor199', 'Sensor200', 'Sensor201', 'Sensor204', 'Sensor205', 'Sensor206', 'Sensor208', 'Sensor209', 'Sensor211', 'Sensor212', 'Sensor213', 'Sensor214', 'Sensor215', 'Sensor216', 'Sensor217', 'Sensor218', 'Sensor219', 'Sensor220', 'Sensor222', 'Sensor224', 'Sensor225', 'Sensor226', 'Sensor228', 'Sensor229', 'Sensor239', 'Sensor240', 'Sensor245', 'Sensor246', 'Sensor247', 'Sensor249', 'Sensor251', 'Sensor252', 'Sensor253', 'Sensor254', 'Sensor256', 'Sensor268', 'Sensor269', 'Sensor270', 'Sensor337', 'Sensor368', 'Sensor369', 'Sensor419', 'Sensor420', 'Sensor424', 'Sensor433', 'Sensor434', 'Sensor461', 'Sensor469', 'Sensor473', 'Sensor483', 'Sensor484', 'Sensor485', 'Sensor486', 'Sensor487', 'Sensor488', 'Sensor489', 'Sensor490', 'Sensor500', 'Sensor501', 'Sensor512', 'Sensor543', 'Sensor544', 'Sensor547', 'Sensor548', 'Sensor549', 'Sensor550', 'Sensor551', 'Sensor552', 'Sensor559', 'Sensor560', 'Sensor563', 'Sensor564', 'Sensor565', 'Sensor566', 'Sensor571', 'Sensor572', 'Sensor573', 'Sensor574', 'Sensor579', 'Sensor582', 'Sensor583', 'Sensor584', 'Sensor587', 'Sensor588', 'Sensor590', 'Sensor76_na', 'Sensor90_na', 'Sensor547_na', 'Sensor92_zero', 'Sensor93_zero', 'Sensor94_zero', 'Sensor95_zero', 'Sensor96_zero', 'Sensor101_zero', 'Sensor102_zero', 'Sensor105_zero', 'Sensor130_zero', 'Sensor433_zero', 'Sensor434_zero', 'Sensor469_zero', 'Sensor484_zero', 'Sensor485_zero', 'Sensor486_zero', 'Sensor489_zero', 'Sensor490_zero']",no,no,retained,MinMax,3,0.8405249346717829,0.6142980416246179,0.6611607142857143,0.3020916443735236,0.09325091881055797,0.15,0.8333333333333334,0.43333333333333335,0.42857142857142855,0.4329662502739426,0.15048035278368377,0.2222222222222222,0.44264052333392684,0.11741844060220413,0.19894110477255422,0.2983630835979829,0.0648175090942857,0.28378811122348796
ANOVA,no,LinearSVC,"{'C': 0.00011186898674260823, 'class_weight': None, 'dual': False, 'fit_intercept': True, 'intercept_scaling': 1, 'loss': 'squared_hinge', 'max_iter': 1000, 'multi_class': 'ovr', 'penalty': 'l2', 'random_state': 120, 'tol': 0.0001, 'verbose': 0}",yes,0.6076041674538307,24,"['Sensor101', 'Sensor112', 'Sensor122', 'Sensor124', 'Sensor125', 'Sensor269', 'Sensor407', 'Sensor541', 'Sensor110_na', 'Sensor111_na', 'Sensor112_na', 'Sensor245_na', 'Sensor246_na', 'Sensor247_na', 'Sensor383_na', 'Sensor384_na', 'Sensor385_na', 'Sensor517_na', 'Sensor518_na', 'Sensor519_na', 'Sensor95_zero', 'Sensor487_zero', 'Sensor500_zero', 'cluster_distance']",smoteenc,no,retained,Standard,4,0.7651569709697164,0.6676473169233469,0.4375,0.18315135150599918,0.2137185534591195,0.0,0.75,0.5333333333333333,0.0,0.2873749238017106,0.21997810618500271,0.0,0.2957556939942593,0.22166950997208804,-0.07715167498104596,0.15558175653739018,0.09910011472648962,0.035321392789718416
BorutaShap,no,LinearSVC,"{'C': 0.0001444519184413381, 'class_weight': None, 'dual': False, 'fit_intercept': True, 'intercept_scaling': 1, 'loss': 'squared_hinge', 'max_iter': 1000, 'multi_class': 'ovr', 'penalty': 'l2', 'random_state': 120, 'tol': 0.0001, 'verbose': 0}",yes,0.9795712645348579,126,"['Sensor500_zero', 'Sensor412', 'Sensor383_na', 'Sensor245', 'Sensor517_na', 'Sensor141', 'Sensor166', 'Sensor248', 'Sensor520', 'Sensor454', 'Sensor155', 'Sensor128', 'Sensor36', 'Sensor501', 'Sensor1', 'Sensor352', 'Sensor112', 'Sensor131', 'Sensor189', 'Sensor23', 'Sensor97', 'Sensor144', 'Sensor428', 'Sensor546', 'Sensor519_na', 'Sensor437', 'Sensor240', 'Sensor110_na', 'Sensor407', 'Sensor255', 'Sensor29', 'Sensor100', 'Sensor306', 'Sensor318', 'Sensor527', 'Sensor45', 'Sensor321', 'Sensor95', 'Sensor247', 'Sensor580_na', 'Sensor95_zero', 'Sensor281', 'Sensor111_na', 'Sensor419_zero', 'Sensor332', 'Sensor512', 'Sensor101_zero', 'Sensor214', 'Sensor122', 'Sensor130', 'Sensor517', 'Sensor385_na', 'Sensor296', 'Sensor177', 'Sensor8', 'Sensor139', 'Sensor518', 'Sensor544', 'Sensor582_na', 'Sensor198', 'Sensor9', 'Sensor325', 'Sensor417', 'Sensor282', 'Sensor279', 'Sensor47', 'Sensor434_zero', 'Sensor431', 'Sensor186', 'Sensor468', 'Sensor118', 'Sensor110', 'Sensor161', 'Sensor16', 'Sensor40', 'Sensor34', 'Sensor65', 'Sensor457', 'Sensor337', 'Sensor385', 'Sensor67', 'Sensor124', 'Sensor336', 'Sensor470', 'Sensor581_na', 'Sensor103', 'Sensor284', 'Sensor488_zero', 'Sensor519', 'Sensor458', 'Sensor149', 'Sensor57', 'Sensor384_na', 'Sensor20', 'Sensor246', 'Sensor104', 'Sensor579_na', 'Sensor49', 'Sensor383', 'Sensor125', 'Sensor548', 'Sensor438', 'Sensor245_na', 'Sensor518_na', 'Sensor587', 'Sensor419', 'Sensor422', 'Sensor247_na', 'Sensor127', 'Sensor298', 'Sensor101', 'Sensor112_na', 'Sensor274', 'Sensor384', 'Sensor269', 'Sensor349', 'Sensor220', 'Sensor182', 'Sensor246_na', 'Sensor111', 'Sensor541', 'Sensor511', 'Sensor301', 'Sensor133', 'Sensor434', 'cluster_distance']",smoteenc,no,capped,Standard,5,0.912635649965366,0.6240080148596668,0.5589285714285714,0.32940504969110934,0.16394716394716394,0.2,0.9166666666666666,0.3666666666666667,0.14285714285714285,0.48168538958821455,0.17737465356512974,0.16666666666666666,0.5165276134678601,0.16152839542756664,0.13858697343671664,0.30453434904161364,0.07700748118349016,0.17804553169694326
FeatureImportance_ET,yes,KNeighborsClassifier,"{'algorithm': 'auto', 'leaf_size': 15, 'metric': 'minkowski', 'metric_params': None, 'n_jobs': 2, 'n_neighbors': 9, 'p': 1, 'weights': 'distance'}",no,,21,"['Sensor34', 'Sensor51', 'Sensor57', 'Sensor101', 'Sensor112', 'Sensor184', 'Sensor419', 'Sensor500', 'Sensor501', 'Sensor73_na', 'Sensor110_na', 'Sensor579_na', 'Sensor96_zero', 'Sensor101_zero', 'Sensor102_zero', 'Sensor419_zero', 'Sensor484_zero', 'Sensor487_zero', 'Sensor490_zero', 'Sensor500_zero', 'Sensor501_zero']",smotetomek,no,capped,Combine,1,0.9996096799375488,0.5753313929962607,0.640625,0.9833333333333334,0.09416666666666666,0.16666666666666666,1.0,0.2740740740740741,0.375,0.9914529914529915,0.1396631823461092,0.23076923076923078,0.9911791515564418,0.09338816200694804,0.19364916731037085,0.9833333333333334,0.058019764158777604,0.1471861471861472
FeatureImportance_ET,yes,KNeighborsClassifier,"{'algorithm': 'auto', 'leaf_size': 15, 'metric': 'minkowski', 'metric_params': None, 'n_jobs': 2, 'n_neighbors': 9, 'p': 1, 'weights': 'distance'}",no,,21,"['Sensor54', 'Sensor56', 'Sensor57', 'Sensor110', 'Sensor111', 'Sensor112', 'Sensor127', 'Sensor153', 'Sensor168', 'Sensor245', 'Sensor110_na', 'Sensor113_na', 'Sensor95_zero', 'Sensor101_zero', 'Sensor102_zero', 'Sensor419_zero', 'Sensor434_zero', 'Sensor484_zero', 'Sensor490_zero', 'Sensor500_zero', 'Sensor501_zero']",smotetomek,no,capped,Combine,2,0.9988290398126464,0.5531498788508135,0.6625,0.9545454545454546,0.07878787878787878,0.125,1.0,0.27037037037037037,0.5,0.975609756097561,0.11805555555555554,0.2,0.9753500105011156,0.06494818601811436,0.17625599697765815,0.9545454545454546,0.055608508747522205,0.10549373051107236
ANOVA,no,KNeighborsClassifier,"{'algorithm': 'auto', 'leaf_size': 18, 'metric': 'minkowski', 'metric_params': None, 'n_jobs': 2, 'n_neighbors': 3, 'p': 4, 'weights': 'distance'}",no,,20,"['Sensor101', 'Sensor104', 'Sensor117', 'Sensor122', 'Sensor124', 'Sensor125', 'Sensor157', 'Sensor184', 'Sensor292', 'Sensor320', 'Sensor390', 'Sensor407', 'Sensor419', 'Sensor430', 'Sensor456', 'Sensor511', 'Sensor96_zero', 'Sensor101_zero', 'Sensor419_zero', 'Sensor500_zero']",smotetomek,no,capped,Standard,3,1.0,0.6037002910505609,0.5428571428571429,1.0,0.09923130677847658,0.058823529411764705,1.0,0.3666666666666667,0.2857142857142857,1.0,0.15400749671849415,0.0975609756097561,1.0,0.11569191541912142,0.042657651582294814,1.0,0.06712715625588965,0.06444448323954617
ANOVA,yes,KNeighborsClassifier,"{'algorithm': 'auto', 'leaf_size': 32, 'metric': 'minkowski', 'metric_params': None, 'n_jobs': 2, 'n_neighbors': 3, 'p': 3, 'weights': 'distance'}",no,,14,"['Sensor48', 'Sensor54', 'Sensor101', 'Sensor104', 'Sensor112', 'Sensor122', 'Sensor201', 'Sensor269', 'Sensor86_na', 'Sensor110_na', 'Sensor95_zero', 'Sensor487_zero', 'Sensor488_zero', 'Sensor500_zero']",smotetomek,no,capped,Combine,4,0.9996096799375488,0.5823146563702046,0.45,0.9841269841269842,0.23515151515151514,0.0,1.0,0.23333333333333336,0.0,0.991869918699187,0.19226190476190477,0.0,0.9915855543266979,0.16541255182640482,-0.06808642735086028,0.9841269841269842,0.09050143167744064,0.04039242942686056
Lasso,no,KNeighborsClassifier,"{'algorithm': 'auto', 'leaf_size': 38, 'metric': 'minkowski', 'metric_params': None, 'n_jobs': 2, 'n_neighbors': 7, 'p': 1, 'weights': 'uniform'}",no,,13,"['Sensor130', 'Sensor434', 'Sensor488_zero', 'Sensor419_zero', 'Sensor548', 'Sensor501_zero', 'Sensor556', 'Sensor282', 'Sensor102_zero', 'Sensor49', 'Sensor28', 'Sensor133', 'Sensor104']",smoteenc,no,capped,Standard,5,0.9468779892469573,0.5781075863279365,0.446875,0.31106603262800203,0.09963570127504555,0.0,1.0,0.3,0.0,0.47321884384997276,0.1375586854460094,0.0,0.526584650577308,0.09603087333860955,-0.0704154339142587,0.31106603262800203,0.06120437660226677,0.04422599484168076
MutualInformation,yes,GaussianNB,"{'priors': None, 'var_smoothing': 3.978038331381001e-09}",no,,8,"['Sensor240', 'Sensor156', 'Sensor132', 'Sensor220', 'Sensor167', 'Sensor93', 'Sensor104', 'Sensor239']",smoteenc,no,retained,no,1,0.639196838590743,0.5707196797956308,0.65,0.08984271627949787,0.06606539000905198,0.08771929824561403,0.5166666666666666,0.4148148148148148,0.625,0.15301816239316238,0.11246383610915629,0.15384615384615383,0.13125714462238566,0.06578646965226177,0.13493584166401493,0.06765532854262003,0.052272254343876896,0.1943394965205841
BorutaShap,yes,GaussianNB,"{'priors': None, 'var_smoothing': 1.5226944792868678e-08}",no,,133,"['Sensor500_zero', 'Sensor171', 'Sensor245', 'Sensor141', 'Sensor166', 'Sensor584', 'Sensor143', 'Sensor62', 'Sensor38', 'Sensor54', 'Sensor126', 'Sensor583', 'Sensor93', 'Sensor153', 'Sensor501', 'Sensor1', 'Sensor56', 'Sensor73', 'Sensor461', 'Sensor39', 'Sensor92', 'Sensor565', 'Sensor91', 'Sensor469', 'Sensor424', 'Sensor79', 'Sensor44', 'Sensor138', 'Sensor112', 'Sensor189', 'Sensor144', 'Sensor240', 'Sensor110_na', 'Sensor199', 'Sensor121', 'Sensor102_zero', 'Sensor82', 'Sensor33', 'Sensor152', 'Sensor29', 'Sensor100', 'Sensor590', 'Sensor167', 'Sensor206', 'Sensor239', 'Sensor10', 'Sensor45', 'Sensor564', 'Sensor95', 'Sensor247', 'Sensor217', 'Sensor41', 'Sensor146', 'Sensor22', 'Sensor228', 'Sensor419_zero', 'Sensor69', 'Sensor168', 'Sensor512', 'Sensor101_zero', 'Sensor214', 'Sensor122', 'Sensor130', 'Sensor490_zero', 'Sensor177', 'Sensor99', 'Sensor8', 'Sensor204', 'Sensor544', 'Sensor55', 'Sensor566', 'Sensor198', 'Sensor9', 'Sensor249', 'Sensor196', 'Sensor147', 'Sensor157', 'Sensor484', 'Sensor47', 'Sensor59', 'Sensor434_zero', 'Sensor500', 'Sensor118', 'Sensor72', 'Sensor110', 'Sensor164', 'Sensor161', 'Sensor133', 'Sensor87', 'Sensor16', 'Sensor64', 'Sensor487', 'Sensor2', 'Sensor40', 'Sensor71', 'Sensor34', 'Sensor337', 'Sensor572', 'Sensor57', 'Sensor484_zero', 'Sensor20', 'Sensor246', 'Sensor216', 'Sensor104', 'Sensor49', 'Sensor588', 'Sensor475', 'Sensor548', 'Sensor420', 'Sensor587', 'Sensor501_zero', 'Sensor419', 'Sensor86', 'Sensor15', 'Sensor123', 'Sensor127', 'Sensor101', 'Sensor269', 'Sensor486', 'Sensor184', 'Sensor211', 'Sensor26', 'Sensor96', 'Sensor220', 'Sensor182', 'Sensor111', 'Sensor151', 'Sensor5', 'Sensor197', 'Sensor511', 'Sensor200', 'Sensor76', 'Sensor434']",smoteenc,no,capped,no,2,0.7722881628762123,0.5659504970285542,0.540625,0.4610062893081761,0.2571644042232278,0.125,0.5859649122807017,0.17407407407407405,0.125,0.4803030303030303,0.16554433221099887,0.125,0.4753708715602485,0.15125008705727702,0.08125,0.2738193779566947,0.07178025477946343,0.11951040925301246
FeatureImportance_ET,yes,GaussianNB,"{'priors': None, 'var_smoothing': 4.2097138723329695e-08}",no,,7,"['Sensor110_na', 'Sensor96_zero', 'Sensor101_zero', 'Sensor419_zero', 'Sensor434_zero', 'Sensor484_zero', 'Sensor500_zero']",smotetomek,no,capped,no,3,0.6434976892319307,0.5492365407397657,0.5669642857142857,0.10070807024784677,0.06842939195880372,0.05405405405405406,0.5166666666666667,0.3,0.5714285714285714,0.16790160913561905,0.11054851315287839,0.09876543209876544,0.14337832762095512,0.05310145570958427,0.05402874921452824,0.07641746862463666,0.0518722406070731,0.07809819371126402
FeatureWiz,no,GaussianNB,"{'priors': None, 'var_smoothing': 3.658843240529964e-05}",no,,170,"['Sensor484', 'Sensor38', 'Sensor40', 'Sensor121', 'Sensor572', 'Sensor133', 'Sensor583', 'Sensor366', 'Sensor3', 'Sensor39', 'Sensor436', 'Sensor58', 'Sensor24', 'Sensor307', 'Sensor472', 'Sensor11', 'Sensor485', 'Sensor540', 'Sensor55', 'Sensor461', 'Sensor89', 'Sensor29', 'Sensor218', 'Sensor76', 'Sensor34', 'Sensor292', 'Sensor181', 'Sensor49', 'Sensor42', 'Sensor93', 'Sensor57', 'Sensor491', 'Sensor337', 'Sensor551', 'Sensor568', 'Sensor222', 'Sensor588', 'Sensor104', 'Sensor297', 'Sensor558', 'Sensor101', 'Sensor332', 'Sensor353', 'Sensor304', 'Sensor103', 'Sensor289', 'Sensor21', 'Sensor69', 'Sensor117', 'Sensor155', 'Sensor9', 'Sensor202', 'Sensor15', 'Sensor87', 'Sensor470', 'Sensor412', 'Sensor17', 'Sensor487', 'Sensor447', 'Sensor1', 'Sensor145', 'Sensor22', 'Sensor211', 'Sensor490', 'Sensor511', 'Sensor26', 'Sensor52', 'Sensor322', 'Sensor10', 'Sensor543', 'Sensor51', 'Sensor217', 'Sensor126', 'Sensor419', 'Sensor569', 'Sensor124', 'Sensor127', 'Sensor434', 'Sensor364', 'Sensor559', 'Sensor33', 'Sensor246', 'Sensor205', 'Sensor407', 'Sensor435', 'Sensor80', 'Sensor528', 'Sensor12', 'Sensor41', 'Sensor306', 'Sensor433', 'Sensor590', 'Sensor454', 'Sensor213', 'Sensor123', 'Sensor354', 'Sensor361', 'Sensor56', 'Sensor151', 'Sensor478', 'Sensor20', 'Sensor229', 'Sensor431', 'Sensor345', 'Sensor417', 'Sensor78', 'Sensor31', 'Sensor245', 'Sensor45', 'Sensor97', 'Sensor183', 'Sensor492', 'Sensor140', 'Sensor574', 'Sensor81', 'Sensor66', 'Sensor72', 'Sensor196', 'Sensor105', 'Sensor4', 'Sensor445', 'Sensor13', 'Sensor549', 'Sensor138', 'Sensor393', 'Sensor68', 'Sensor303', 'Sensor136', 'Sensor82', 'Sensor83', 'Sensor77', 'Sensor214', 'Sensor288', 'Sensor35', 'Sensor201', 'Sensor92', 'Sensor563', 'Sensor387', 'Sensor562', 'Sensor84', 'Sensor344', 'Sensor410', 'Sensor147', 'Sensor46', 'Sensor85', 'Sensor496', 'Sensor7', 'Sensor550', 'Sensor252', 'Sensor225', 'Sensor500', 'Sensor177', 'Sensor94', 'Sensor88', 'Sensor321', 'Sensor111', 'Sensor152', 'Sensor278', 'Sensor420_zero', 'Sensor519_na', 'Sensor189', 'Sensor512_zero', 'Sensor302', 'Sensor335', 'Sensor161', 'Sensor184', 'Sensor437', 'Sensor253', 'Sensor281', 'Sensor310']",no,no,retained,no,4,0.8246093134398377,0.5852010296462054,0.5526785714285715,0.2260064412238325,0.08472348599737134,0.14285714285714285,0.9166666666666666,0.4666666666666666,0.14285714285714285,0.3410920535920536,0.12594166505698282,0.14285714285714285,0.374139074479378,0.09646187502454828,0.10535714285714286,0.2018646316290028,0.0705445408767222,0.07332528138478105
ANOVA,yes,GaussianNB,"{'priors': None, 'var_smoothing': 0.4560302834462567}",no,,22,"['Sensor36', 'Sensor45', 'Sensor101', 'Sensor104', 'Sensor112', 'Sensor117', 'Sensor122', 'Sensor130', 'Sensor133', 'Sensor269', 'Sensor419', 'Sensor434', 'Sensor511', 'Sensor110_na', 'Sensor579_na', 'Sensor95_zero', 'Sensor101_zero', 'Sensor419_zero', 'Sensor434_zero', 'Sensor488_zero', 'Sensor500_zero', 'Sensor501_zero']",smotetomek,no,capped,no,5,0.664572132247034,0.6049836923931963,0.4370535714285714,0.0844111608809257,0.0728401642580747,0.022727272727272728,0.6666666666666666,0.5333333333333333,0.14285714285714285,0.14975652703856665,0.1280594513599184,0.0392156862745098,0.14234418655999284,0.09315752057068412,-0.05727053067570702,0.07157169480478486,0.060298547744585484,0.045202937962233465
Lasso,yes,DecisionTreeClassifier,"{'ccp_alpha': 0.003659585299790387, 'class_weight': 'balanced', 'criterion': 'gini', 'max_depth': None, 'max_features': None, 'max_leaf_nodes': None, 'min_impurity_decrease': 0.0, 'min_samples_leaf': 1, 'min_samples_split': 2, 'min_weight_fraction_leaf': 0.0, 'random_state': 120, 'splitter': 'best'}",no,,3,"['Sensor419', 'Sensor489', 'Sensor501']",no,no,retained,no,1,0.9743513906755652,0.5508341499324781,0.503125,0.7281510759771629,0.12962962962962962,0.05,0.9666666666666667,0.14074074074074075,0.125,0.8242468126189056,0.13468013468013465,0.07142857142857144,0.8273705862282207,0.09603093980588999,0.004109974682633932,0.7035588877663357,0.06494122423370056,0.049999999999999996
Lasso,no,DecisionTreeClassifier,"{'ccp_alpha': 0.0029180795084429202, 'class_weight': None, 'criterion': 'gini', 'max_depth': None, 'max_features': None, 'max_leaf_nodes': None, 'min_impurity_decrease': 0.0, 'min_samples_leaf': 1, 'min_samples_split': 2, 'min_weight_fraction_leaf': 0.0, 'random_state': 120, 'splitter': 'best'}",no,,12,"['Sensor162', 'Sensor297', 'Sensor298', 'Sensor419', 'Sensor469', 'Sensor163', 'Sensor434', 'Sensor486', 'Sensor22', 'Sensor161', 'Sensor226', 'Sensor512']",smoteenc,no,retained,no,2,0.9265775459969094,0.5729995758559666,0.509375,0.6265351932018598,0.09647953800877339,0.05555555555555555,0.8789473684210526,0.24444444444444446,0.125,0.726488640380475,0.1375915750915751,0.07692307692307691,0.7255849376924628,0.09334568126748323,0.012909944487358056,0.5563217036869778,0.059574335901306945,0.06661384775948147
ANOVA,yes,DecisionTreeClassifier,"{'ccp_alpha': 0.0, 'class_weight': None, 'criterion': 'gini', 'max_depth': None, 'max_features': None, 'max_leaf_nodes': None, 'min_impurity_decrease': 0.0, 'min_samples_leaf': 1, 'min_samples_split': 2, 'min_weight_fraction_leaf': 0.0, 'random_state': 120, 'splitter': 'best'}",no,,3,"['Sensor122', 'Sensor96_zero', 'Sensor500_zero']",smotetomek,no,retained,no,3,0.6126445375348631,0.5689943398710017,0.4875,0.5456975772765246,0.10925039872408293,0.0,0.26666666666666666,0.2333333333333333,0.0,0.2907295173961841,0.14237821565407774,0.0,0.3137875886537537,0.09744546584116344,-0.032766135443500814,0.1600210430672341,0.06104747319787442,0.06296175764413202
ANOVA,no,DecisionTreeClassifier,"{'ccp_alpha': 0.0026533996683250414, 'class_weight': 'balanced', 'criterion': 'gini', 'max_depth': None, 'max_features': None, 'max_leaf_nodes': None, 'min_impurity_decrease': 0.0, 'min_samples_leaf': 1, 'min_samples_split': 2, 'min_weight_fraction_leaf': 0.0, 'random_state': 120, 'splitter': 'best'}",no,,30,"['Sensor101', 'Sensor112', 'Sensor122', 'Sensor124', 'Sensor125', 'Sensor201', 'Sensor269', 'Sensor407', 'Sensor419', 'Sensor86_na', 'Sensor110_na', 'Sensor111_na', 'Sensor112_na', 'Sensor221_na', 'Sensor245_na', 'Sensor246_na', 'Sensor247_na', 'Sensor359_na', 'Sensor383_na', 'Sensor384_na', 'Sensor385_na', 'Sensor493_na', 'Sensor517_na', 'Sensor518_na', 'Sensor519_na', 'Sensor95_zero', 'Sensor483_zero', 'Sensor487_zero', 'Sensor488_zero', 'Sensor500_zero']",smoteenn,no,retained,no,4,0.7144558608481489,0.6005352990215437,0.446875,0.48181818181818176,0.22,0.0,0.45,0.26666666666666666,0.0,0.45396825396825397,0.20952380952380953,0.0,0.4373162120957783,0.18051247325641417,-0.0704154339142587,0.25205949554837503,0.08749818492419388,0.03152950035313236
ANOVA,no,DecisionTreeClassifier,"{'ccp_alpha': 0.005589518470993454, 'class_weight': 'balanced', 'criterion': 'gini', 'max_depth': None, 'max_features': None, 'max_leaf_nodes': None, 'min_impurity_decrease': 0.0, 'min_samples_leaf': 1, 'min_samples_split': 2, 'min_weight_fraction_leaf': 0.0, 'random_state': 120, 'splitter': 'best'}",no,,7,"['Sensor104', 'Sensor122', 'Sensor125', 'Sensor130', 'Sensor407', 'Sensor434', 'Sensor511']",no,no,retained,no,5,0.9769537076740956,0.5609531540227869,0.5151785714285714,0.5051089261615577,0.39356884057971014,0.05263157894736842,1.0,0.20000000000000004,0.14285714285714285,0.6709275214770963,0.14862914862914864,0.07692307692307693,0.6940123979526115,0.15859542417347428,0.019158532830237156,0.5051089261615577,0.08432648966195955,0.05973766752209866
FeatureImportance_ET,yes,RandomForestClassifier,"{'bootstrap': True, 'ccp_alpha': 0.0014947683109118087, 'class_weight': None, 'criterion': 'gini', 'max_depth': None, 'max_features': 'sqrt', 'max_leaf_nodes': None, 'max_samples': None, 'min_impurity_decrease': 0.0, 'min_samples_leaf': 1, 'min_samples_split': 2, 'min_weight_fraction_leaf': 0.0, 'n_estimators': 100, 'n_jobs': 2, 'oob_score': False, 'random_state': 120, 'verbose': 0, 'warm_start': False}",no,,16,"['Sensor112', 'Sensor184', 'Sensor419', 'Sensor501', 'Sensor110_na', 'Sensor579_na', 'Sensor95_zero', 'Sensor96_zero', 'Sensor101_zero', 'Sensor102_zero', 'Sensor419_zero', 'Sensor484_zero', 'Sensor487_zero', 'Sensor490_zero', 'Sensor500_zero', 'Sensor501_zero']",smotetomek,no,retained,no,1,0.7555509839788419,0.5440271257172666,0.615625,0.8301587301587302,0.4583333333333333,0.4,0.5157894736842105,0.1037037037037037,0.25,0.6342559270649305,0.15132275132275133,0.3076923076923077,0.6418651044692324,0.17865110091491243,0.2898063664955442,0.4508348599450794,0.08840101312074405,0.29047321627720213
MutualInformation,no,RandomForestClassifier,"{'bootstrap': True, 'ccp_alpha': 0.0, 'class_weight': 'balanced_subsample', 'criterion': 'gini', 'max_depth': None, 'max_features': 'sqrt', 'max_leaf_nodes': None, 'max_samples': None, 'min_impurity_decrease': 0.0, 'min_samples_leaf': 1, 'min_samples_split': 2, 'min_weight_fraction_leaf': 0.0, 'n_estimators': 100, 'n_jobs': 2, 'oob_score': False, 'random_state': 120, 'verbose': 0, 'warm_start': False}",no,,20,"['Sensor144', 'Sensor279', 'Sensor101', 'Sensor377', 'Sensor545', 'Sensor105', 'Sensor383', 'Sensor168', 'Sensor122', 'Sensor240', 'Sensor378', 'Sensor124', 'Sensor585', 'Sensor289', 'Sensor358', 'Sensor167', 'Sensor245', 'Sensor220', 'Sensor125', 'Sensor106']",smotetomek,no,retained,no,2,1.0,0.5570939308401465,0.490625,1.0,0.14814814814814814,0.0,1.0,0.14074074074074075,0.0,1.0,0.1442495126705653,0.0,1.0,0.11332484426853655,-0.03015113445777636,1.0,0.06864492793740427,0.06706319008699402
FeatureImportance_ET,no,RandomForestClassifier,"{'bootstrap': True, 'ccp_alpha': 0.0029016970661929747, 'class_weight': 'balanced', 'criterion': 'gini', 'max_depth': None, 'max_features': 'sqrt', 'max_leaf_nodes': None, 'max_samples': None, 'min_impurity_decrease': 0.0, 'min_samples_leaf': 1, 'min_samples_split': 2, 'min_weight_fraction_leaf': 0.0, 'n_estimators': 100, 'n_jobs': 2, 'oob_score': False, 'random_state': 120, 'verbose': 0, 'warm_start': False}",no,,24,"['Sensor9', 'Sensor110', 'Sensor112', 'Sensor246', 'Sensor247', 'Sensor519', 'Sensor86_na', 'Sensor385_na', 'Sensor493_na', 'Sensor579_na', 'Sensor580_na', 'Sensor582_na', 'Sensor95_zero', 'Sensor96_zero', 'Sensor101_zero', 'Sensor102_zero', 'Sensor419_zero', 'Sensor434_zero', 'Sensor469_zero', 'Sensor484_zero', 'Sensor489_zero', 'Sensor490_zero', 'Sensor500_zero', 'Sensor501_zero']",smoteenc,no,retained,no,3,0.6846399892982667,0.5525931288666578,0.5495535714285714,0.6351851851851852,0.24230769230769234,0.125,0.3833333333333333,0.13333333333333333,0.14285714285714285,0.46724137931034493,0.16549344375431332,0.13333333333333333,0.468159208233774,0.14417996864113236,0.09299731541208299,0.2758521544839148,0.07636802099246046,0.09141271520996606
BorutaShap,yes,RandomForestClassifier,"{'bootstrap': True, 'ccp_alpha': 0.0031036492134150885, 'class_weight': 'balanced_subsample', 'criterion': 'gini', 'max_depth': None, 'max_features': 'sqrt', 'max_leaf_nodes': None, 'max_samples': None, 'min_impurity_decrease': 0.0, 'min_samples_leaf': 1, 'min_samples_split': 2, 'min_weight_fraction_leaf': 0.0, 'n_estimators': 100, 'n_jobs': 2, 'oob_score': False, 'random_state': 120, 'verbose': 0, 'warm_start': False}",no,,98,"['Sensor270', 'Sensor420', 'Sensor574', 'Sensor36', 'Sensor188', 'Sensor117', 'Sensor5', 'Sensor245', 'Sensor587', 'Sensor178', 'Sensor111', 'Sensor473', 'Sensor163', 'Sensor133', 'Sensor500_zero', 'Sensor240', 'Sensor95_zero', 'Sensor146', 'Sensor220', 'Sensor544', 'Sensor168', 'Sensor76', 'Sensor488', 'Sensor565', 'Sensor99', 'Sensor184', 'Sensor83', 'Sensor461', 'Sensor588', 'Sensor71', 'Sensor57', 'Sensor101', 'Sensor16', 'Sensor269', 'Sensor88', 'Sensor337', 'Sensor200', 'Sensor126', 'Sensor112', 'Sensor122', 'Sensor9', 'Sensor104', 'Sensor246', 'Sensor424', 'Sensor103', 'Sensor189', 'Sensor199', 'Sensor485', 'Sensor548', 'Sensor15', 'Sensor196', 'Sensor578', 'Sensor110', 'Sensor17', 'Sensor590', 'Sensor130', 'Sensor512', 'Sensor225', 'Sensor214', 'Sensor25', 'Sensor216', 'Sensor86_na', 'Sensor511', 'Sensor110_na', 'Sensor100', 'Sensor161', 'Sensor123', 'Sensor564', 'Sensor48', 'Sensor164', 'Sensor566', 'Sensor151', 'Sensor579', 'Sensor487_zero', 'Sensor483', 'Sensor484', 'Sensor419', 'Sensor487', 'Sensor434_zero', 'Sensor176', 'Sensor268', 'Sensor59', 'Sensor247', 'Sensor208', 'Sensor136', 'Sensor209', 'Sensor20', 'Sensor118', 'Sensor80', 'Sensor127', 'Sensor52', 'Sensor549', 'Sensor198', 'Sensor54', 'Sensor35', 'Sensor201', 'Sensor33', 'Sensor141']",smoteenn,no,retained,no,4,0.9313817330210773,0.5794282830942038,0.49375,0.9224211423699914,0.30158730158730157,0.0,0.8666666666666666,0.16666666666666666,0.0,0.8891682380054474,0.2081447963800905,0.0,0.8870417572215761,0.20697057703201224,-0.023028309323591914,0.8018786416306553,0.12461073741903339,0.04332778712742434
FeatureImportance_ET,yes,RandomForestClassifier,"{'bootstrap': True, 'ccp_alpha': 0.002736318407960199, 'class_weight': None, 'criterion': 'gini', 'max_depth': None, 'max_features': 'sqrt', 'max_leaf_nodes': None, 'max_samples': None, 'min_impurity_decrease': 0.0, 'min_samples_leaf': 1, 'min_samples_split': 2, 'min_weight_fraction_leaf': 0.0, 'n_estimators': 100, 'n_jobs': 2, 'oob_score': False, 'random_state': 120, 'verbose': 0, 'warm_start': False}",no,,24,"['Sensor45', 'Sensor112', 'Sensor130', 'Sensor133', 'Sensor247', 'Sensor269', 'Sensor419', 'Sensor434', 'Sensor501', 'Sensor110_na', 'Sensor579_na', 'Sensor95_zero', 'Sensor96_zero', 'Sensor101_zero', 'Sensor102_zero', 'Sensor419_zero', 'Sensor420_zero', 'Sensor434_zero', 'Sensor484_zero', 'Sensor488_zero', 'Sensor490_zero', 'Sensor500_zero', 'Sensor501_zero', 'Sensor512_zero']",smoteenc,no,retained,no,5,0.7496096799375488,0.5460949497608705,0.5,0.9629629629629629,0.16666666666666666,0.0,0.5,0.09999999999999999,0.0,0.6340504961194617,0.12499999999999999,0.0,0.6715026564370087,0.11505988897697324,0.0,0.5075799578432979,0.09029201366645312,0.04318536553758229
BorutaShap,no,ExtraTreesClassifier,"{'bootstrap': False, 'ccp_alpha': 0.0014947683109118087, 'class_weight': 'balanced_subsample', 'criterion': 'gini', 'max_depth': None, 'max_features': 'sqrt', 'max_leaf_nodes': None, 'max_samples': None, 'min_impurity_decrease': 0.0, 'min_samples_leaf': 1, 'min_samples_split': 2, 'min_weight_fraction_leaf': 0.0, 'n_estimators': 100, 'n_jobs': 2, 'oob_score': False, 'random_state': 120, 'verbose': 0, 'warm_start': False}",no,,139,"['Sensor45', 'Sensor519', 'Sensor569', 'Sensor36', 'Sensor188', 'Sensor117', 'Sensor182', 'Sensor61', 'Sensor245', 'Sensor419_zero', 'Sensor476', 'Sensor111', 'Sensor128', 'Sensor248', 'Sensor133', 'Sensor501', 'Sensor160', 'Sensor500_zero', 'Sensor501_zero', 'Sensor441', 'Sensor345', 'Sensor438', 'Sensor220', 'Sensor168', 'Sensor102_zero', 'Sensor433', 'Sensor132', 'Sensor565', 'Sensor184', 'Sensor454', 'Sensor453', 'Sensor34', 'Sensor335', 'Sensor383_na', 'Sensor474', 'Sensor352', 'Sensor426', 'Sensor57', 'Sensor303', 'Sensor101', 'Sensor16', 'Sensor431', 'Sensor269', 'Sensor366', 'Sensor153', 'Sensor492', 'Sensor288', 'Sensor337', 'Sensor125', 'Sensor334', 'Sensor471', 'Sensor434', 'Sensor279', 'Sensor346', 'Sensor112', 'Sensor122', 'Sensor9', 'Sensor104', 'Sensor320', 'Sensor384', 'Sensor325', 'Sensor246', 'Sensor324', 'Sensor424', 'Sensor199', 'Sensor189', 'Sensor527', 'Sensor393', 'Sensor29', 'Sensor287', 'Sensor548', 'Sensor81', 'Sensor546', 'Sensor110', 'Sensor131', 'Sensor407', 'Sensor425', 'Sensor518', 'Sensor47', 'Sensor472', 'Sensor130', 'Sensor512', 'Sensor51', 'Sensor214', 'Sensor41', 'Sensor517', 'Sensor511', 'Sensor96', 'Sensor286', 'Sensor318', 'Sensor152', 'Sensor246_na', 'Sensor295', 'Sensor100', 'Sensor123', 'Sensor577', 'Sensor385', 'Sensor456', 'Sensor276', 'Sensor48', 'Sensor164', 'Sensor344', 'Sensor299', 'Sensor435', 'Sensor204', 'Sensor124', 'Sensor151', 'Sensor490', 'Sensor457', 'Sensor383', 'Sensor37', 'Sensor332', 'Sensor170', 'Sensor419', 'Sensor484', 'Sensor74', 'Sensor470', 'Sensor487', 'Sensor336', 'Sensor59', 'Sensor247', 'Sensor567', 'Sensor8', 'Sensor20', 'Sensor73', 'Sensor118', 'Sensor340', 'Sensor96_zero', 'Sensor55', 'Sensor39', 'Sensor127', 'Sensor121', 'Sensor298', 'Sensor198', 'Sensor54', 'Sensor35', 'Sensor79', 'Sensor33', 'Sensor141']",smotetomek,no,retained,no,1,0.8789473684210526,0.5320589511454327,0.5625,1.0,0.25,1.0,0.7578947368421053,0.07037037037037037,0.125,0.8439153439153438,0.10822510822510822,0.2222222222222222,0.8568614305413877,0.1187184801099802,0.34606427010299134,0.7683581150184878,0.06721059624647067,0.26702707893840316
FeatureImportance_ET,yes,ExtraTreesClassifier,"{'bootstrap': False, 'ccp_alpha': 0.00357610520121136, 'class_weight': 'balanced', 'criterion': 'gini', 'max_depth': None, 'max_features': 'sqrt', 'max_leaf_nodes': None, 'max_samples': None, 'min_impurity_decrease': 0.0, 'min_samples_leaf': 1, 'min_samples_split': 2, 'min_weight_fraction_leaf': 0.0, 'n_estimators': 100, 'n_jobs': 2, 'oob_score': False, 'random_state': 120, 'verbose': 0, 'warm_start': False}",no,,14,"['Sensor112', 'Sensor130', 'Sensor419', 'Sensor110_na', 'Sensor113_na', 'Sensor95_zero', 'Sensor101_zero', 'Sensor102_zero', 'Sensor419_zero', 'Sensor434_zero', 'Sensor484_zero', 'Sensor490_zero', 'Sensor500_zero', 'Sensor501_zero']",smoteenc,no,retained,no,2,0.6447535804415216,0.5664350937748331,0.528125,0.30145363408521303,0.16402116402116404,0.08333333333333333,0.325438596491228,0.17037037037037037,0.125,0.31221068191543155,0.16203703703703703,0.1,0.27971678862308264,0.12783548838494116,0.04651302547095317,0.13790276375385005,0.06697379278345894,0.11871177533672664
MutualInformation,no,ExtraTreesClassifier,"{'bootstrap': False, 'ccp_alpha': 0.0029016970661929747, 'class_weight': 'balanced', 'criterion': 'gini', 'max_depth': None, 'max_features': 'sqrt', 'max_leaf_nodes': None, 'max_samples': None, 'min_impurity_decrease': 0.0, 'min_samples_leaf': 1, 'min_samples_split': 2, 'min_weight_fraction_leaf': 0.0, 'n_estimators': 100, 'n_jobs': 2, 'oob_score': False, 'random_state': 120, 'verbose': 0, 'warm_start': False}",no,,24,"['Sensor101', 'Sensor168', 'Sensor378', 'Sensor545', 'Sensor156', 'Sensor240', 'Sensor383', 'Sensor289', 'Sensor144', 'Sensor377', 'Sensor167', 'Sensor105', 'Sensor122', 'Sensor220', 'Sensor585', 'Sensor8', 'Sensor279', 'Sensor124', 'Sensor125', 'Sensor117', 'Sensor132', 'Sensor245', 'Sensor369', 'Sensor283']",smoteenc,no,retained,no,3,0.9786439951182505,0.5599469088675355,0.5464285714285714,0.8333598768381377,0.12037037037037036,0.1111111111111111,0.9666666666666667,0.16666666666666666,0.14285714285714285,0.8933718053055152,0.12812812812812813,0.125,0.8915725689397349,0.10345667475990449,0.08240897828897108,0.80600382012696,0.065100274040857,0.09438213142540675
MutualInformation,yes,ExtraTreesClassifier,"{'bootstrap': False, 'ccp_alpha': 0.0036011442972338006, 'class_weight': 'balanced_subsample', 'criterion': 'gini', 'max_depth': None, 'max_features': 'sqrt', 'max_leaf_nodes': None, 'max_samples': None, 'min_impurity_decrease': 0.0, 'min_samples_leaf': 1, 'min_samples_split': 2, 'min_weight_fraction_leaf': 0.0, 'n_estimators': 100, 'n_jobs': 2, 'oob_score': False, 'random_state': 120, 'verbose': 0, 'warm_start': False}",no,,24,"['Sensor369', 'Sensor245', 'Sensor240', 'Sensor144', 'Sensor117', 'Sensor101', 'Sensor156', 'Sensor167', 'Sensor168', 'Sensor368', 'Sensor122', 'Sensor239', 'Sensor132', 'Sensor544', 'Sensor220', 'Sensor252', 'Sensor8', 'Sensor130', 'Sensor110', 'Sensor57', 'Sensor93', 'Sensor126', 'Sensor543', 'Sensor136']",smoteenc,no,retained,no,4,0.9902365009730515,0.5932400216459713,0.48125,0.7085175361037429,0.1284313725490196,0.0,1.0,0.2333333333333333,0.0,0.8286305826678498,0.1654320987654321,0.0,0.8331316882593667,0.14134752681423213,-0.04037864265436241,0.7085175361037429,0.08071218173368001,0.05839560897511148
FeatureImportance_ET,yes,ExtraTreesClassifier,"{'bootstrap': False, 'ccp_alpha': 0.0014782089552238791, 'class_weight': 'balanced', 'criterion': 'gini', 'max_depth': None, 'max_features': 'sqrt', 'max_leaf_nodes': None, 'max_samples': None, 'min_impurity_decrease': 0.0, 'min_samples_leaf': 1, 'min_samples_split': 2, 'min_weight_fraction_leaf': 0.0, 'n_estimators': 100, 'n_jobs': 2, 'oob_score': False, 'random_state': 120, 'verbose': 0, 'warm_start': False}",no,,24,"['Sensor45', 'Sensor112', 'Sensor130', 'Sensor133', 'Sensor247', 'Sensor269', 'Sensor419', 'Sensor434', 'Sensor501', 'Sensor110_na', 'Sensor579_na', 'Sensor95_zero', 'Sensor96_zero', 'Sensor101_zero', 'Sensor102_zero', 'Sensor419_zero', 'Sensor420_zero', 'Sensor434_zero', 'Sensor484_zero', 'Sensor488_zero', 'Sensor490_zero', 'Sensor500_zero', 'Sensor501_zero', 'Sensor512_zero']",smoteenc,no,retained,no,5,0.6829430132708821,0.5890600090679069,0.5,0.9523809523809524,0.20634920634920637,0.0,0.3666666666666667,0.20000000000000004,0.0,0.5180406212664277,0.19444444444444442,0.0,0.5736647444025983,0.17771190083770136,0.0,0.3807430942802779,0.09613851519681116,0.050298528811966656
FeatureImportance_ET,no,AdaBoostClassifier,"{'algorithm': 'SAMME.R', 'base_estimator': None, 'learning_rate': 0.06596309686972748, 'n_estimators': 100, 'random_state': 120}",no,,12,"['Sensor111', 'Sensor246', 'Sensor517', 'Sensor247_na', 'Sensor581_na', 'Sensor582_na', 'Sensor96_zero', 'Sensor102_zero', 'Sensor419_zero', 'Sensor490_zero', 'Sensor500_zero', 'Sensor501_zero']",smotetomek,no,retained,no,1,0.6851246921660343,0.5732379740540857,0.553125,0.16127260981912142,0.0932434423813734,0.08,0.4991228070175438,0.27777777777777773,0.25,0.2409353614863667,0.1390989962418534,0.12121212121212122,0.2230442882449893,0.09105623861774231,0.06357639532057509,0.10389610773248344,0.05904265442304718,0.1589942749543292
ANOVA,no,AdaBoostClassifier,"{'algorithm': 'SAMME.R', 'base_estimator': None, 'learning_rate': 0.399038307355477, 'n_estimators': 100, 'random_state': 120}",no,,13,"['Sensor111_na', 'Sensor112_na', 'Sensor245_na', 'Sensor246_na', 'Sensor247_na', 'Sensor383_na', 'Sensor384_na', 'Sensor385_na', 'Sensor517_na', 'Sensor518_na', 'Sensor519_na', 'Sensor102_zero', 'Sensor500_zero']",smotetomek,no,retained,no,2,0.7023478566731614,0.5813001233430349,0.628125,0.18158098324283292,0.10012644223170537,0.09302325581395349,0.5850877192982457,0.34074074074074073,0.5,0.26435574229691877,0.13659390255134937,0.15686274509803924,0.24999956673133963,0.09734565731036454,0.12504882767273584,0.12351740744624501,0.05962656071223454,0.0746694300063111
ANOVA,yes,AdaBoostClassifier,"{'algorithm': 'SAMME.R', 'base_estimator': None, 'learning_rate': 0.31351008000289554, 'n_estimators': 100, 'random_state': 120}",no,,3,"['Sensor122', 'Sensor96_zero', 'Sensor500_zero']",smotetomek,no,retained,no,3,0.6589885396165701,0.5984686937826335,0.43392857142857144,0.11737335141131518,0.08392434988179669,0.022222222222222223,0.5,0.39999999999999997,0.14285714285714285,0.18745690928789518,0.13820153617875533,0.038461538461538464,0.16789397364978764,0.09902640559553948,-0.059685183281152035,0.08039396569196829,0.0607346018458671,0.031037215109823994
FeatureImportance_ET,yes,AdaBoostClassifier,"{'algorithm': 'SAMME.R', 'base_estimator': None, 'learning_rate': 0.10612512858489966, 'n_estimators': 100, 'random_state': 120}",no,,17,"['Sensor110', 'Sensor112', 'Sensor123', 'Sensor189', 'Sensor201', 'Sensor590', 'Sensor86_na', 'Sensor110_na', 'Sensor579_na', 'Sensor95_zero', 'Sensor96_zero', 'Sensor102_zero', 'Sensor434_zero', 'Sensor483_zero', 'Sensor487_zero', 'Sensor488_zero', 'Sensor500_zero']",smoteenn,no,retained,no,4,0.7955667520606333,0.6349589750340047,0.428125,0.2632500973890514,0.1637596899224806,0.0,0.6833333333333332,0.3666666666666667,0.0,0.3784073404326569,0.20259896411394748,0.0,0.3814321755830829,0.18042951269387345,-0.08359334436557866,0.19784907233810176,0.0880248552822596,0.033065464479855436
MutualInformation,yes,AdaBoostClassifier,"{'algorithm': 'SAMME.R', 'base_estimator': None, 'learning_rate': 0.976100986021414, 'n_estimators': 100, 'random_state': 120}",no,,6,"['Sensor590', 'Sensor572', 'Sensor40', 'Sensor34', 'Sensor33', 'Sensor85']",no,no,retained,no,5,1.0,0.5890782911383149,0.4875,1.0,0.4523809523809524,0.0,1.0,0.19999999999999998,0.0,1.0,0.19949494949494948,0.0,1.0,0.22254624625308947,-0.032766135443500814,1.0,0.12869821695494343,0.07696088069945503
MutualInformation,no,GradientBoostingClassifier,"{'ccp_alpha': 0.0, 'criterion': 'friedman_mse', 'init': None, 'learning_rate': 0.04568128503467445, 'loss': 'exponential', 'max_depth': 3, 'max_features': 'sqrt', 'max_leaf_nodes': None, 'min_impurity_decrease': 0.0, 'min_samples_leaf': 1, 'min_samples_split': 2, 'min_weight_fraction_leaf': 0.0, 'n_estimators': 100, 'n_iter_no_change': None, 'random_state': 120, 'subsample': 0.5904241074532744, 'tol': 0.0001, 'validation_fraction': 0.1, 'verbose': 0, 'warm_start': False}",no,,26,"['Sensor545', 'Sensor383', 'Sensor168', 'Sensor101', 'Sensor144', 'Sensor289', 'Sensor105', 'Sensor377', 'Sensor378', 'Sensor240', 'Sensor361', 'Sensor585', 'Sensor279', 'Sensor122', 'Sensor156', 'Sensor8', 'Sensor130', 'Sensor369', 'Sensor167', 'Sensor367', 'Sensor102', 'Sensor132', 'Sensor544', 'Sensor245', 'Sensor124', 'Sensor239']",smotetomek,no,retained,no,1,0.9004111670309461,0.5562775754561986,0.715625,0.5782587782587782,0.13397435897435897,0.26666666666666666,0.8289473684210527,0.17037037037037037,0.5,0.6749761351041407,0.13357100415923948,0.3478260869565218,0.6729939181680954,0.09808986269830668,0.32206441932644225,0.4836149519061957,0.05789010897755292,0.23886162937892788
MutualInformation,yes,GradientBoostingClassifier,"{'ccp_alpha': 0.001993024414549078, 'criterion': 'friedman_mse', 'init': None, 'learning_rate': 0.11655160217535138, 'loss': 'log_loss', 'max_depth': 3, 'max_features': 'sqrt', 'max_leaf_nodes': None, 'min_impurity_decrease': 0.0, 'min_samples_leaf': 1, 'min_samples_split': 2, 'min_weight_fraction_leaf': 0.0, 'n_estimators': 100, 'n_iter_no_change': None, 'random_state': 120, 'subsample': 0.8499793282229706, 'tol': 0.0001, 'validation_fraction': 0.1, 'verbose': 0, 'warm_start': False}",no,,13,"['Sensor590', 'Sensor113', 'Sensor572', 'Sensor574', 'Sensor579', 'Sensor129', 'Sensor94_zero', 'Sensor144', 'Sensor588', 'Sensor571', 'Sensor133', 'Sensor104', 'Sensor141']",no,no,retained,no,2,0.5600877192982456,0.5518518518518518,0.496875,1.0,0.6666666666666666,0.0,0.12017543859649121,0.1037037037037037,0.0,0.21119894598155467,0.17777777777777778,0.0,0.3315467668504333,0.2554389482426545,-0.01730321350514957,0.15829203052474233,0.14256767978741072,0.0982142857142857
MutualInformation,no,GradientBoostingClassifier,"{'ccp_alpha': 0.0, 'criterion': 'friedman_mse', 'init': None, 'learning_rate': 0.19972611845710517, 'loss': 'exponential', 'max_depth': 3, 'max_features': 'sqrt', 'max_leaf_nodes': None, 'min_impurity_decrease': 0.0, 'min_samples_leaf': 1, 'min_samples_split': 2, 'min_weight_fraction_leaf': 0.0, 'n_estimators': 100, 'n_iter_no_change': None, 'random_state': 120, 'subsample': 0.8042962594898361, 'tol': 0.0001, 'validation_fraction': 0.1, 'verbose': 0, 'warm_start': False}",no,,15,"['Sensor101', 'Sensor378', 'Sensor383', 'Sensor156', 'Sensor240', 'Sensor144', 'Sensor377', 'Sensor545', 'Sensor168', 'Sensor289', 'Sensor105', 'Sensor279', 'Sensor122', 'Sensor167', 'Sensor585']",smoteenn,no,retained,no,3,0.9824227697698028,0.5481988504234128,0.5151785714285714,0.573537229883979,0.13181818181818183,0.05263157894736842,1.0,0.16666666666666666,0.14285714285714285,0.7283709647622031,0.13935185185185187,0.07692307692307693,0.7436114008049292,0.0920558241542792,0.019158532830237156,0.573537229883979,0.062157634965930936,0.08587641602783144
BorutaShap,yes,GradientBoostingClassifier,"{'ccp_alpha': 0.001990049751243781, 'criterion': 'friedman_mse', 'init': None, 'learning_rate': 0.018757385801119585, 'loss': 'exponential', 'max_depth': 3, 'max_features': 'sqrt', 'max_leaf_nodes': None, 'min_impurity_decrease': 0.0, 'min_samples_leaf': 1, 'min_samples_split': 2, 'min_weight_fraction_leaf': 0.0, 'n_estimators': 100, 'n_iter_no_change': None, 'random_state': 120, 'subsample': 0.5504046759347682, 'tol': 0.0001, 'validation_fraction': 0.1, 'verbose': 0, 'warm_start': False}",no,,122,"['Sensor270', 'Sensor420', 'Sensor45', 'Sensor574', 'Sensor36', 'Sensor188', 'Sensor117', 'Sensor5', 'Sensor245', 'Sensor368', 'Sensor120', 'Sensor111', 'Sensor473', 'Sensor133', 'Sensor501', 'Sensor484_zero', 'Sensor500_zero', 'Sensor129', 'Sensor46', 'Sensor240', 'Sensor95_zero', 'Sensor146', 'Sensor220', 'Sensor168', 'Sensor76', 'Sensor563', 'Sensor488', 'Sensor99', 'Sensor565', 'Sensor174', 'Sensor184', 'Sensor92', 'Sensor34', 'Sensor64', 'Sensor83', 'Sensor461', 'Sensor71', 'Sensor57', 'Sensor101', 'Sensor16', 'Sensor269', 'Sensor153', 'Sensor88', 'Sensor205', 'Sensor337', 'Sensor200', 'Sensor181', 'Sensor126', 'Sensor38', 'Sensor58', 'Sensor112', 'Sensor122', 'Sensor9', 'Sensor104', 'Sensor93', 'Sensor246', 'Sensor424', 'Sensor488_zero', 'Sensor103', 'Sensor189', 'Sensor199', 'Sensor485', 'Sensor229', 'Sensor548', 'Sensor166', 'Sensor15', 'Sensor196', 'Sensor110', 'Sensor47', 'Sensor218', 'Sensor17', 'Sensor590', 'Sensor130', 'Sensor512', 'Sensor211', 'Sensor214', 'Sensor86_na', 'Sensor216', 'Sensor25', 'Sensor41', 'Sensor511', 'Sensor110_na', 'Sensor572', 'Sensor369', 'Sensor7', 'Sensor100', 'Sensor161', 'Sensor123', 'Sensor49', 'Sensor564', 'Sensor48', 'Sensor164', 'Sensor566', 'Sensor204', 'Sensor151', 'Sensor579', 'Sensor487_zero', 'Sensor484', 'Sensor419', 'Sensor170', 'Sensor487', 'Sensor434_zero', 'Sensor176', 'Sensor268', 'Sensor59', 'Sensor247', 'Sensor208', 'Sensor136', 'Sensor209', 'Sensor8', 'Sensor20', 'Sensor118', 'Sensor113', 'Sensor52', 'Sensor127', 'Sensor549', 'Sensor198', 'Sensor54', 'Sensor35', 'Sensor201', 'Sensor33', 'Sensor141']",smotetomek,no,retained,no,4,0.900525099595753,0.6177167887908971,0.465625,0.7358267103007635,0.19444444444444442,0.0,0.8166666666666668,0.26666666666666666,0.0,0.7571189716196556,0.22424242424242424,0.0,0.7556342689464269,0.19879003268648124,-0.05554219924918258,0.5965533253040735,0.11339374688589936,0.0374922191094717
BorutaShap,no,GradientBoostingClassifier,"{'ccp_alpha': 0.002882865671641789, 'criterion': 'friedman_mse', 'init': None, 'learning_rate': 0.20025128830258926, 'loss': 'exponential', 'max_depth': 3, 'max_features': 'sqrt', 'max_leaf_nodes': None, 'min_impurity_decrease': 0.0, 'min_samples_leaf': 1, 'min_samples_split': 2, 'min_weight_fraction_leaf': 0.0, 'n_estimators': 100, 'n_iter_no_change': None, 'random_state': 120, 'subsample': 0.60304366787298, 'tol': 0.0001, 'validation_fraction': 0.1, 'verbose': 0, 'warm_start': False}",no,,92,"['Sensor45', 'Sensor519', 'Sensor144', 'Sensor437', 'Sensor245', 'Sensor274', 'Sensor587', 'Sensor419_zero', 'Sensor111', 'Sensor128', 'Sensor163', 'Sensor248', 'Sensor580_na', 'Sensor133', 'Sensor501', 'Sensor500_zero', 'Sensor296', 'Sensor46', 'Sensor240', 'Sensor417', 'Sensor95_zero', 'Sensor220', 'Sensor168', 'Sensor428', 'Sensor301', 'Sensor579_na', 'Sensor34', 'Sensor335', 'Sensor57', 'Sensor303', 'Sensor101', 'Sensor23', 'Sensor155', 'Sensor16', 'Sensor582_na', 'Sensor269', 'Sensor434', 'Sensor279', 'Sensor581_na', 'Sensor112', 'Sensor422', 'Sensor9', 'Sensor104', 'Sensor384', 'Sensor246', 'Sensor177', 'Sensor488_zero', 'Sensor541', 'Sensor103', 'Sensor189', 'Sensor520', 'Sensor29', 'Sensor548', 'Sensor386', 'Sensor166', 'Sensor412', 'Sensor448', 'Sensor139', 'Sensor110', 'Sensor131', 'Sensor407', 'Sensor518', 'Sensor47', 'Sensor130', 'Sensor512', 'Sensor214', 'Sensor25', 'Sensor517', 'Sensor511', 'Sensor7', 'Sensor295', 'Sensor101_zero', 'Sensor161', 'Sensor282', 'Sensor385', 'Sensor579', 'Sensor457', 'Sensor383', 'Sensor484', 'Sensor419', 'Sensor470', 'Sensor336', 'Sensor40', 'Sensor95', 'Sensor247', 'Sensor20', 'Sensor118', 'Sensor127', 'Sensor298', 'Sensor198', 'Sensor500', 'Sensor149']",smoteenn,no,retained,no,5,0.9545575822878986,0.5687632545010458,0.48125,0.6607503607503608,0.4012345679012346,0.0,0.9333333333333332,0.20000000000000004,0.0,0.7668109668109668,0.1564876564876565,0.0,0.7700885210171319,0.1702116947069898,-0.04037864265436241,0.6160492266868105,0.09075265341147254,0.07664938302853846
ANOVA,no,XGBClassifier,"{'objective': 'binary:logistic', 'use_label_encoder': False, 'base_score': 0.5, 'booster': 'dart', 'callbacks': None, 'colsample_bylevel': 1, 'colsample_bynode': 1, 'colsample_bytree': 0.8992656550977858, 'early_stopping_rounds': None, 'enable_categorical': False, 'eval_metric': 'aucpr', 'gamma': 10.984306202186382, 'gpu_id': 0, 'grow_policy': 'depthwise', 'importance_type': None, 'interaction_constraints': '', 'learning_rate': 0.196335912, 'max_bin': 256, 'max_cat_to_onehot': 4, 'max_delta_step': 0, 'max_depth': 4, 'max_leaves': 0, 'min_child_weight': 4.587071070916402, 'missing': nan, 'monotone_constraints': '()', 'n_estimators': 100, 'n_jobs': 0, 'num_parallel_tree': 1, 'predictor': 'auto', 'random_state': 120, 'reg_alpha': 2.03267121, 'reg_lambda': 1.82777405, 'sampling_method': 'uniform', 'scale_pos_weight': 22.06896551724138, 'subsample': 0.5897368679687239, 'tree_method': 'gpu_hist', 'validate_parameters': 1, 'verbosity': 0, 'rate_drop': 0.06798137750635311, 'eta': 0.1963359134509607, 'lambda': 1.8277739907151909, 'alpha': 2.032671228436168, 'num_round': 100, 'single_precision_histogram': True}",no,,30,"['Sensor101', 'Sensor104', 'Sensor122', 'Sensor124', 'Sensor125', 'Sensor131', 'Sensor184', 'Sensor320', 'Sensor407', 'Sensor419', 'Sensor434', 'Sensor456', 'Sensor501', 'Sensor511', 'Sensor383_na', 'Sensor384_na', 'Sensor385_na', 'Sensor517_na', 'Sensor518_na', 'Sensor519_na', 'Sensor579_na', 'Sensor580_na', 'Sensor581_na', 'Sensor582_na', 'Sensor96_zero', 'Sensor102_zero', 'Sensor419_zero', 'Sensor484_zero', 'Sensor500_zero', 'Sensor501_zero']",smoteenc,no,retained,no,1,0.9215007714776821,0.5985140333172451,0.66875,0.23336078173034694,0.07980851203357597,0.09803921568627451,1.0,0.41111111111111115,0.625,0.37595007649880924,0.13366665064179606,0.1694915254237288,0.44211018280352327,0.09637912074459369,0.15631503171567185,0.23336078173034694,0.0616167141151945,0.15344088088753155
FeatureImportance_self,no,XGBClassifier,"{'objective': 'binary:logistic', 'use_label_encoder': False, 'base_score': 0.5, 'booster': 'dart', 'callbacks': None, 'colsample_bylevel': 1, 'colsample_bynode': 1, 'colsample_bytree': 0.940743126391936, 'early_stopping_rounds': None, 'enable_categorical': False, 'eval_metric': 'aucpr', 'gamma': 4.308385300469085, 'gpu_id': 0, 'grow_policy': 'depthwise', 'importance_type': None, 'interaction_constraints': '', 'learning_rate': 0.478970975, 'max_bin': 256, 'max_cat_to_onehot': 4, 'max_delta_step': 0, 'max_depth': 6, 'max_leaves': 0, 'min_child_weight': 0.21449670354029068, 'missing': nan, 'monotone_constraints': '()', 'n_estimators': 100, 'n_jobs': 0, 'num_parallel_tree': 1, 'predictor': 'auto', 'random_state': 120, 'reg_alpha': 0.209719196, 'reg_lambda': 0.371358335, 'sampling_method': 'uniform', 'scale_pos_weight': 1, 'subsample': 0.7671489465681628, 'tree_method': 'gpu_hist', 'validate_parameters': 1, 'verbosity': 0, 'rate_drop': 0.00018472239015654827, 'eta': 0.47897098515110076, 'lambda': 0.37135834488156466, 'alpha': 0.2097191997272446, 'num_round': 100, 'single_precision_histogram': True}",no,,11,"['Sensor1', 'Sensor26', 'Sensor29', 'Sensor54', 'Sensor55', 'Sensor82', 'Sensor101', 'Sensor104', 'Sensor145', 'Sensor214', 'Sensor320']",no,yes,retained,no,2,0.6561403508771929,0.5344063689858082,0.496875,1.0,0.5,0.0,0.312280701754386,0.07037037037037037,0.0,0.47008547008547,0.12121212121212122,0.0,0.545430665152839,0.17731211630021082,-0.01730321350514957,0.3421760679726222,0.0922105962464707,0.18708958833899103
FeatureImportance_ET,no,XGBClassifier,"{'objective': 'binary:logistic', 'use_label_encoder': False, 'base_score': 0.5, 'booster': 'dart', 'callbacks': None, 'colsample_bylevel': 1, 'colsample_bynode': 1, 'colsample_bytree': 0.7924870258411902, 'early_stopping_rounds': None, 'enable_categorical': False, 'eval_metric': 'aucpr', 'gamma': 1.7538443855938741, 'gpu_id': 0, 'grow_policy': 'depthwise', 'importance_type': None, 'interaction_constraints': '', 'learning_rate': 0.235537097, 'max_bin': 256, 'max_cat_to_onehot': 4, 'max_delta_step': 0, 'max_depth': 2, 'max_leaves': 0, 'min_child_weight': 0.9811254362446306, 'missing': nan, 'monotone_constraints': '()', 'n_estimators': 100, 'n_jobs': 0, 'num_parallel_tree': 1, 'predictor': 'auto', 'random_state': 120, 'reg_alpha': 1.51576376, 'reg_lambda': 1.01493955, 'sampling_method': 'uniform', 'scale_pos_weight': 21.333333333333332, 'subsample': 0.5085858024972585, 'tree_method': 'gpu_hist', 'validate_parameters': 1, 'verbosity': 0, 'rate_drop': 0.00012135371798270756, 'eta': 0.2355370907113342, 'lambda': 1.0149396037712162, 'alpha': 1.5157636747060201, 'num_round': 100, 'single_precision_histogram': True}",no,,27,"['Sensor9', 'Sensor96', 'Sensor111', 'Sensor112', 'Sensor247', 'Sensor384', 'Sensor518', 'Sensor86_na', 'Sensor383_na', 'Sensor385_na', 'Sensor493_na', 'Sensor579_na', 'Sensor580_na', 'Sensor581_na', 'Sensor582_na', 'Sensor95_zero', 'Sensor96_zero', 'Sensor101_zero', 'Sensor102_zero', 'Sensor419_zero', 'Sensor434_zero', 'Sensor469_zero', 'Sensor484_zero', 'Sensor489_zero', 'Sensor490_zero', 'Sensor500_zero', 'Sensor501_zero']",smotetomek,no,retained,no,3,0.9511861698423694,0.5703486756468196,0.5178571428571428,0.3514040662378258,0.09580498866213151,0.047619047619047616,1.0,0.30000000000000004,0.2857142857142857,0.5132704193737058,0.1354308721345542,0.08163265306122448,0.559710767370896,0.08747177539852942,0.01649572197684645,0.3514040662378258,0.05810746570676103,0.07488439645076594
Lasso,no,XGBClassifier,"{'objective': 'binary:logistic', 'use_label_encoder': False, 'base_score': 0.5, 'booster': 'dart', 'callbacks': None, 'colsample_bylevel': 1, 'colsample_bynode': 1, 'colsample_bytree': 0.7360924883613945, 'early_stopping_rounds': None, 'enable_categorical': False, 'eval_metric': 'aucpr', 'gamma': 2.5842672861100406, 'gpu_id': 0, 'grow_policy': 'depthwise', 'importance_type': None, 'interaction_constraints': '', 'learning_rate': 0.278699219, 'max_bin': 256, 'max_cat_to_onehot': 4, 'max_delta_step': 0, 'max_depth': 2, 'max_leaves': 0, 'min_child_weight': 0.19781854707117755, 'missing': nan, 'monotone_constraints': '()', 'n_estimators': 100, 'n_jobs': 0, 'num_parallel_tree': 1, 'predictor': 'auto', 'random_state': 120, 'reg_alpha': 0.910871804, 'reg_lambda': 1.5845654, 'sampling_method': 'uniform', 'scale_pos_weight': 21.333333333333332, 'subsample': 0.5127415898020717, 'tree_method': 'gpu_hist', 'validate_parameters': 1, 'verbosity': 0, 'rate_drop': 0.004446150914052743, 'eta': 0.2786992174827793, 'lambda': 1.5845653879680905, 'alpha': 0.9108718046811013, 'num_round': 100, 'single_precision_histogram': True}",no,,30,"['Sensor162', 'Sensor297', 'Sensor163', 'Sensor298', 'Sensor161', 'Sensor512', 'Sensor419', 'Sensor469', 'Sensor500', 'Sensor434', 'Sensor23', 'Sensor1', 'Sensor91', 'Sensor501', 'Sensor590', 'Sensor52', 'Sensor483', 'Sensor22', 'Sensor487', 'Sensor485', 'Sensor141', 'Sensor295', 'Sensor226', 'Sensor296', 'Sensor140', 'Sensor573', 'Sensor433', 'Sensor424', 'Sensor159', 'Sensor486']",smoteenc,no,retained,no,4,0.9835928137128783,0.5708598423354249,0.44375,0.5892857142857143,0.09351851851851851,0.0,1.0,0.26666666666666666,0.0,0.7412587412587412,0.13692201518288474,0.0,0.7548051431732669,0.08843578460447817,-0.0726996210397885,0.5892857142857143,0.05986855529456427,0.03752434533896258
FeatureImportance_self,no,XGBClassifier,"{'objective': 'binary:logistic', 'use_label_encoder': False, 'base_score': 0.5, 'booster': 'gbtree', 'callbacks': None, 'colsample_bylevel': 1, 'colsample_bynode': 1, 'colsample_bytree': 0.634859300424252, 'early_stopping_rounds': None, 'enable_categorical': False, 'eval_metric': 'aucpr', 'gamma': 5.982941129626493, 'gpu_id': 0, 'grow_policy': 'depthwise', 'importance_type': None, 'interaction_constraints': '', 'learning_rate': 0.151440233, 'max_bin': 256, 'max_cat_to_onehot': 4, 'max_delta_step': 0, 'max_depth': 3, 'max_leaves': 0, 'min_child_weight': 0.8350844966917845, 'missing': nan, 'monotone_constraints': '()', 'n_estimators': 100, 'n_jobs': 0, 'num_parallel_tree': 1, 'predictor': 'auto', 'random_state': 120, 'reg_alpha': 0.266818255, 'reg_lambda': 227.233582, 'sampling_method': 'uniform', 'scale_pos_weight': 21.333333333333332, 'subsample': 0.561570246572695, 'tree_method': 'gpu_hist', 'validate_parameters': 1, 'verbosity': 0, 'eta': 0.15144022769055565, 'lambda': 227.23357514398094, 'alpha': 0.2668182575856856, 'num_round': 100, 'single_precision_histogram': True}",no,,30,"['Sensor1', 'Sensor8', 'Sensor20', 'Sensor21', 'Sensor34', 'Sensor36', 'Sensor41', 'Sensor65', 'Sensor67', 'Sensor68', 'Sensor91', 'Sensor104', 'Sensor108', 'Sensor111', 'Sensor118', 'Sensor124', 'Sensor157', 'Sensor196', 'Sensor245', 'Sensor269', 'Sensor278', 'Sensor280', 'Sensor287', 'Sensor342', 'Sensor392', 'Sensor407', 'Sensor408', 'Sensor519', 'Sensor550', 'Sensor578']",no,yes,retained,no,5,0.9968765232561122,0.5692744211896509,0.5433035714285714,0.8850931677018633,0.2962962962962963,0.1,1.0,0.16666666666666666,0.14285714285714285,0.9383110744426683,0.18633705475810738,0.11764705882352941,0.9375207866832961,0.17517379204721287,0.07314975851056985,0.8850931677018633,0.07990841578285524,0.18308997740581037
MutualInformation,yes,LGBMClassifier,"{'boosting_type': 'gbdt', 'class_weight': None, 'colsample_bytree': 1.0, 'importance_type': 'split', 'learning_rate': 0.22168158748721747, 'max_depth': 4, 'min_child_samples': 82, 'min_child_weight': 0.001, 'min_split_gain': 5.500372306459446, 'n_estimators': 100, 'n_jobs': -1, 'num_leaves': 2074, 'objective': None, 'random_state': 120, 'reg_alpha': 2.908400369583997, 'reg_lambda': 0.2763453112690112, 'silent': 'warn', 'subsample': 0.689509075315163, 'subsample_for_bin': 200000, 'subsample_freq': 2, 'is_unbalance': 'false', 'max_bin': 63, 'device_type': 'gpu', 'gpu_use_dp': False}",no,,3,"['Sensor240', 'Sensor168', 'Sensor144']",smoteenn,no,retained,no,1,0.6650725800493692,0.5881673565101234,0.61875,0.07694760250061546,0.06298159131722603,0.06422018348623854,0.7254385964912281,0.5481481481481482,0.875,0.1389134372202212,0.11224762337718959,0.11965811965811966,0.13726254516055023,0.07558577249796744,0.1059569244984399,0.06763820815515172,0.05562473400701292,0.07639317960691361
FeatureImportance_ET,no,LGBMClassifier,"{'boosting_type': 'gbdt', 'class_weight': None, 'colsample_bytree': 1.0, 'importance_type': 'split', 'learning_rate': 0.22977675908595982, 'max_depth': 10, 'min_child_samples': 20, 'min_child_weight': 0.001, 'min_split_gain': 6.6135029066729825, 'n_estimators': 100, 'n_jobs': -1, 'num_leaves': 1470, 'objective': None, 'random_state': 120, 'reg_alpha': 0.16413548975425718, 'reg_lambda': 4.716665359726854, 'silent': 'warn', 'subsample': 0.9160157496597731, 'subsample_for_bin': 200000, 'subsample_freq': 10, 'is_unbalance': 'false', 'max_bin': 63, 'device_type': 'gpu', 'gpu_use_dp': False}",no,,21,"['Sensor110_na', 'Sensor111_na', 'Sensor112_na', 'Sensor245_na', 'Sensor246_na', 'Sensor247_na', 'Sensor248_na', 'Sensor383_na', 'Sensor384_na', 'Sensor385_na', 'Sensor386_na', 'Sensor518_na', 'Sensor519_na', 'Sensor95_zero', 'Sensor101_zero', 'Sensor102_zero', 'Sensor419_zero', 'Sensor484_zero', 'Sensor490_zero', 'Sensor500_zero', 'Sensor501_zero']",smotetomek,no,retained,no,2,0.6562809027494465,0.577095003388277,0.578125,0.2274779541446208,0.11549561549561549,0.11764705882352941,0.37894736842105264,0.23703703703703705,0.25,0.27668426222783554,0.14897202561509945,0.15999999999999998,0.2459939036165705,0.10856298842151559,0.1103346893304789,0.11292160978763134,0.06194843190358885,0.09028635170123944
FeatureWiz,no,LGBMClassifier,"{'boosting_type': 'dart', 'class_weight': None, 'colsample_bytree': 1.0, 'importance_type': 'split', 'learning_rate': 0.2058935662173765, 'max_depth': 9, 'min_child_samples': 95, 'min_child_weight': 0.001, 'min_split_gain': 0.46003604329261866, 'n_estimators': 100, 'n_jobs': -1, 'num_leaves': 1999, 'objective': None, 'random_state': 120, 'reg_alpha': 0.22325219779537264, 'reg_lambda': 7.498933234112864, 'silent': 'warn', 'subsample': 0.5425644016068671, 'subsample_for_bin': 200000, 'subsample_freq': 5, 'is_unbalance': 'true', 'drop_rate': 0.020694286669433508, 'max_bin': 63, 'device_type': 'gpu', 'gpu_use_dp': False}",no,,178,"['Sensor500_zero', 'Sensor500', 'Sensor126', 'Sensor112', 'Sensor220', 'Sensor110_na', 'Sensor473', 'Sensor354', 'Sensor434_zero', 'Sensor501_zero', 'Sensor96_zero', 'Sensor127', 'Sensor57', 'Sensor25', 'Sensor212', 'Sensor69', 'Sensor133', 'Sensor137', 'Sensor96', 'Sensor198', 'Sensor9', 'Sensor101', 'Sensor18', 'Sensor336', 'Sensor419_zero', 'Sensor201', 'Sensor501', 'Sensor419', 'Sensor292', 'Sensor135', 'Sensor286', 'Sensor15', 'Sensor122', 'Sensor153', 'Sensor56', 'Sensor512_zero', 'Sensor121', 'Sensor361', 'Sensor183', 'Sensor38', 'Sensor383', 'Sensor163', 'Sensor117', 'Sensor88', 'Sensor168', 'Sensor362', 'Sensor434', 'Sensor139', 'Sensor111', 'Sensor346_na', 'Sensor360', 'Sensor542', 'Sensor565', 'Sensor424', 'Sensor22', 'Sensor27', 'Sensor82', 'Sensor477', 'Sensor469', 'Sensor1', 'Sensor166', 'Sensor42', 'Sensor369', 'Sensor129', 'Sensor512', 'Sensor167', 'Sensor511', 'Sensor363', 'Sensor416', 'Sensor10', 'Sensor289', 'Sensor33', 'Sensor130', 'Sensor34', 'Sensor90', 'Sensor21', 'Sensor131', 'Sensor114', 'Sensor563', 'Sensor461', 'Sensor296', 'Sensor353', 'Sensor332', 'Sensor590', 'Sensor543', 'Sensor393', 'Sensor585', 'Sensor322', 'Sensor548', 'Sensor556', 'Sensor318', 'Sensor383_na', 'Sensor156', 'Sensor65', 'Sensor547', 'Sensor80', 'Sensor469_zero', 'Sensor32', 'Sensor174', 'Sensor58', 'Sensor279', 'Sensor489', 'Sensor226', 'Sensor351', 'Sensor72', 'Sensor41', 'Sensor162', 'Sensor181', 'Sensor158', 'Sensor54', 'Sensor349', 'Sensor324', 'Sensor52', 'Sensor559', 'Sensor387', 'Sensor13', 'Sensor433', 'Sensor73_na', 'Sensor61', 'Sensor36', 'Sensor566', 'Sensor488', 'Sensor107', 'Sensor81', 'Sensor486', 'Sensor218', 'Sensor420', 'Sensor386_na', 'Sensor517_na', 'Sensor572', 'Sensor541', 'Sensor346', 'Sensor145', 'Sensor89', 'Sensor83', 'Sensor47', 'Sensor564', 'Sensor189', 'Sensor311', 'Sensor413', 'Sensor95', 'Sensor357', 'Sensor62', 'Sensor8', 'Sensor545', 'Sensor79', 'Sensor366', 'Sensor583', 'Sensor252', 'Sensor85', 'Sensor169', 'Sensor378', 'Sensor425', 'Sensor95_zero', 'Sensor105', 'Sensor428', 'Sensor560', 'Sensor136', 'Sensor312', 'Sensor248', 'Sensor160', 'Sensor306', 'Sensor78', 'Sensor30', 'Sensor281', 'Sensor93', 'Sensor282', 'Sensor91', 'Sensor578', 'Sensor552', 'Sensor589', 'Sensor394', 'Sensor352', 'Sensor172', 'Sensor342', 'Sensor164', 'Sensor392', 'Sensor310']",smoteenn,no,retained,no,3,0.9462251651988435,0.5711179851695845,0.5495535714285714,0.642361111111111,0.101010101010101,0.125,0.9166666666666666,0.19999999999999998,0.14285714285714285,0.754228041462084,0.13392857142857142,0.13333333333333333,0.7542825263128252,0.09856379727372881,0.09299731541208299,0.5917527381095695,0.06613075825519771,0.17585906157334727
BorutaShap,yes,LGBMClassifier,"{'boosting_type': 'gbdt', 'class_weight': None, 'colsample_bytree': 1.0, 'importance_type': 'split', 'learning_rate': 0.13778369753614306, 'max_depth': 10, 'min_child_samples': 6, 'min_child_weight': 0.001, 'min_split_gain': 1.8067752670619894, 'n_estimators': 100, 'n_jobs': -1, 'num_leaves': 2954, 'objective': None, 'random_state': 120, 'reg_alpha': 0.7928401456226595, 'reg_lambda': 12.842633853744793, 'silent': 'warn', 'subsample': 0.6351666761457202, 'subsample_for_bin': 200000, 'subsample_freq': 6, 'is_unbalance': 'true', 'max_bin': 63, 'device_type': 'gpu', 'gpu_use_dp': False}",no,,98,"['Sensor118', 'Sensor564', 'Sensor420', 'Sensor587', 'Sensor52', 'Sensor270', 'Sensor57', 'Sensor461', 'Sensor20', 'Sensor511', 'Sensor36', 'Sensor111', 'Sensor122', 'Sensor33', 'Sensor484', 'Sensor483', 'Sensor201', 'Sensor83', 'Sensor485', 'Sensor574', 'Sensor268', 'Sensor127', 'Sensor419', 'Sensor200', 'Sensor578', 'Sensor130', 'Sensor178', 'Sensor123', 'Sensor112', 'Sensor110_na', 'Sensor512', 'Sensor269', 'Sensor17', 'Sensor225', 'Sensor500_zero', 'Sensor164', 'Sensor86_na', 'Sensor168', 'Sensor220', 'Sensor35', 'Sensor590', 'Sensor126', 'Sensor549', 'Sensor544', 'Sensor240', 'Sensor188', 'Sensor565', 'Sensor487', 'Sensor141', 'Sensor566', 'Sensor16', 'Sensor133', 'Sensor104', 'Sensor214', 'Sensor579', 'Sensor103', 'Sensor163', 'Sensor548', 'Sensor15', 'Sensor48', 'Sensor25', 'Sensor487_zero', 'Sensor245', 'Sensor184', 'Sensor199', 'Sensor54', 'Sensor246', 'Sensor209', 'Sensor216', 'Sensor101', 'Sensor151', 'Sensor88', 'Sensor208', 'Sensor146', 'Sensor337', 'Sensor59', 'Sensor588', 'Sensor136', 'Sensor189', 'Sensor99', 'Sensor196', 'Sensor424', 'Sensor71', 'Sensor198', 'Sensor247', 'Sensor473', 'Sensor117', 'Sensor95_zero', 'Sensor176', 'Sensor76', 'Sensor488', 'Sensor100', 'Sensor161', 'Sensor434_zero', 'Sensor9', 'Sensor110', 'Sensor80', 'Sensor5']",smoteenn,no,retained,no,4,0.8941424503303977,0.5851659280710222,0.48125,0.772067901234568,0.16317016317016317,0.0,0.8000000000000002,0.20000000000000004,0.0,0.7769109535066984,0.17943409247757072,0.0,0.7714287435670254,0.1508006802390072,-0.04037864265436241,0.6211747560365716,0.08896790802620398,0.05375104640308584
FeatureImportance_self,no,LGBMClassifier,"{'boosting_type': 'gbdt', 'class_weight': None, 'colsample_bytree': 1.0, 'importance_type': 'split', 'learning_rate': 0.08342360697528756, 'max_depth': 7, 'min_child_samples': 96, 'min_child_weight': 0.001, 'min_split_gain': 2.5573467197226183, 'n_estimators': 100, 'n_jobs': -1, 'num_leaves': 1890, 'objective': None, 'random_state': 120, 'reg_alpha': 0.6124638571417054, 'reg_lambda': 0.15821430175348977, 'silent': 'warn', 'subsample': 0.7531923985828232, 'subsample_for_bin': 200000, 'subsample_freq': 3, 'is_unbalance': 'true', 'max_bin': 63, 'device_type': 'gpu', 'gpu_use_dp': False}",no,,29,"['Sensor1', 'Sensor8', 'Sensor22', 'Sensor29', 'Sensor46', 'Sensor52', 'Sensor54', 'Sensor55', 'Sensor64', 'Sensor67', 'Sensor82', 'Sensor89', 'Sensor103', 'Sensor104', 'Sensor130', 'Sensor133', 'Sensor166', 'Sensor211', 'Sensor217', 'Sensor281', 'Sensor349', 'Sensor407', 'Sensor418', 'Sensor419', 'Sensor434', 'Sensor489', 'Sensor501', 'Sensor541', 'Sensor555']",no,yes,retained,no,5,0.9937502977793904,0.5773594840068448,0.5589285714285714,0.7897435897435899,0.12169312169312169,0.2,1.0,0.20000000000000004,0.14285714285714285,0.8824476650563607,0.15079365079365079,0.16666666666666666,0.8830706696759889,0.11714921481020339,0.13858697343671664,0.7897435897435899,0.07498784017842314,0.1974496519471136
Lasso,no,CatBoostClassifier,"{'random_state': 120, 'max_depth': 5, 'l2_leaf_reg': 10, 'random_strength': 2.7685065000454276, 'auto_class_weights': 'Balanced', 'learning_rate': 0.019972274877895928, 'boosting_type': 'Plain', 'loss_function': 'Logloss', 'nan_mode': 'Min', 'task_type': 'GPU', 'iterations': 100, 'verbose': False}",no,,29,"['Sensor163', 'Sensor298', 'Sensor419', 'Sensor501', 'Sensor297', 'Sensor22', 'Sensor512', 'Sensor488', 'Sensor91', 'Sensor1', 'Sensor485', 'Sensor162', 'Sensor141', 'Sensor434', 'Sensor161', 'Sensor23', 'Sensor295', 'Sensor226', 'Sensor25', 'Sensor590', 'Sensor483', 'Sensor484', 'Sensor4', 'Sensor159', 'Sensor487', 'Sensor52', 'Sensor160', 'Sensor469', 'Sensor433']",smoteenn,no,retained,no,1,0.8948668716353341,0.6008811957936612,0.56875,0.35207166853303473,0.11301907968574636,0.1,0.8631578947368421,0.3111111111111111,0.25,0.49728867623604467,0.16502079002079004,0.14285714285714288,0.5208630931452903,0.12612863295812177,0.09041944301794651,0.30792677564635057,0.06682016980970644,0.08475222980308475
ANOVA,no,CatBoostClassifier,"{'random_state': 120, 'max_depth': 9, 'l2_leaf_reg': 9, 'random_strength': 3.0685255497534683, 'auto_class_weights': 'SqrtBalanced', 'learning_rate': 0.016088922160064297, 'boosting_type': 'Plain', 'loss_function': 'Logloss', 'nan_mode': 'Min', 'task_type': 'GPU', 'iterations': 100, 'verbose': False}",no,,2,"['Sensor102_zero', 'Sensor500_zero']",smoteenc,no,retained,no,2,0.6551138775901503,0.5971133829630605,0.559375,0.09378606847993388,0.06901014938989623,0.06153846153846154,0.6210526315789473,0.47407407407407404,0.5,0.1599457066351256,0.11977375219750823,0.10958904109589042,0.14535556862878798,0.0858754627580602,0.0519234226746987,0.07415388084679854,0.057531318001318575,0.056190857753357755
ANOVA,no,CatBoostClassifier,"{'random_state': 120, 'max_depth': 4, 'l2_leaf_reg': 8, 'random_strength': 0.15290017831794617, 'learning_rate': 0.2504842921368983, 'boosting_type': 'Plain', 'loss_function': 'Logloss', 'nan_mode': 'Min', 'task_type': 'GPU', 'iterations': 100, 'verbose': False}",no,,17,"['Sensor101', 'Sensor104', 'Sensor122', 'Sensor124', 'Sensor125', 'Sensor184', 'Sensor320', 'Sensor407', 'Sensor419', 'Sensor456', 'Sensor511', 'Sensor96_zero', 'Sensor101_zero', 'Sensor419_zero', 'Sensor434_zero', 'Sensor484_zero', 'Sensor500_zero']",smoteenc,no,retained,no,3,0.7562582232923956,0.5989703537946265,0.6147321428571428,0.43797319840877,0.16157916157916158,0.18181818181818182,0.5499999999999999,0.26666666666666666,0.2857142857142857,0.48057423259579596,0.19909169839043614,0.2222222222222222,0.4590042206331782,0.15712045107267977,0.18538110658493406,0.2665086740544938,0.07760823610038856,0.15744526750976304
ANOVA,yes,CatBoostClassifier,"{'random_state': 120, 'max_depth': 7, 'l2_leaf_reg': 4, 'random_strength': 0.2313127250471534, 'learning_rate': 0.012753285287545678, 'boosting_type': 'Plain', 'loss_function': 'Logloss', 'nan_mode': 'Min', 'task_type': 'GPU', 'iterations': 100, 'verbose': False}",no,,15,"['Sensor48', 'Sensor101', 'Sensor104', 'Sensor112', 'Sensor122', 'Sensor133', 'Sensor269', 'Sensor572', 'Sensor86_na', 'Sensor110_na', 'Sensor95_zero', 'Sensor434_zero', 'Sensor487_zero', 'Sensor488_zero', 'Sensor500_zero']",smoteenc,no,retained,no,4,0.7100296679897234,0.5867586620449593,0.440625,0.2729206963249516,0.13139114724480577,0.0,0.48333333333333334,0.3,0.0,0.3464075847179198,0.16220158238734092,0.0,0.32158918170394274,0.12156532727661619,-0.07494367254181006,0.1644379746439498,0.06981010134679609,0.05257698413485073
MutualInformation,yes,CatBoostClassifier,"{'random_state': 120, 'max_depth': 6, 'l2_leaf_reg': 3, 'random_strength': 3.9296366220306114, 'auto_class_weights': 'SqrtBalanced', 'learning_rate': 0.12625452891591107, 'boosting_type': 'Plain', 'loss_function': 'Logloss', 'nan_mode': 'Min', 'task_type': 'GPU', 'iterations': 100, 'verbose': False}",no,,17,"['Sensor101', 'Sensor144', 'Sensor369', 'Sensor240', 'Sensor220', 'Sensor168', 'Sensor245', 'Sensor544', 'Sensor239', 'Sensor156', 'Sensor117', 'Sensor167', 'Sensor122', 'Sensor8', 'Sensor132', 'Sensor130', 'Sensor368']",smoteenn,no,retained,no,5,0.9839858825081637,0.5411492840741229,0.5959821428571428,0.5968468468468469,0.11861471861471862,0.11764705882352941,1.0,0.16666666666666666,0.2857142857142857,0.7467386414754836,0.11846294907060097,0.16666666666666666,0.759722401265048,0.0746926590196298,0.1272211621139968,0.5968468468468469,0.05437210024653971,0.16022132445922713
