number,value,datetime_start,datetime_complete,duration,params_balancing,params_drop_correlated,params_feature_selection,params_learning_rate,params_n_estimators,params_number_features,user_attrs_Pipeline,user_attrs_balancing_indicator,user_attrs_cluster_indicator,user_attrs_damping,user_attrs_drop_correlated,user_attrs_feature_selection,user_attrs_missing_indicator,user_attrs_number_features,user_attrs_outlier_indicator,user_attrs_scaling_indicator,user_attrs_train_average_precision_score,user_attrs_train_balanced_accuracy,user_attrs_train_f1_score,user_attrs_train_matthews_corrcoef,user_attrs_train_precision_score,user_attrs_train_recall_score,user_attrs_val_average_precision_score,user_attrs_val_balanced_accuracy,user_attrs_val_f1_score,user_attrs_val_matthews_corrcoef,user_attrs_val_precision_score,user_attrs_val_recall_score,state
0,0.036036036036036036,2022-10-09 16:29:44.119117,2022-10-09 16:30:07.367696,0 days 00:00:23.248579,smotetomek,no,Lasso,0.2269400239799676,100,22.0,"Pipeline(memory='Caching',
         steps=[('missing',
                 ColumnTransformer(n_jobs=2, remainder='passthrough',
                                   transformers=[('missingtransform',
                                                  MissingTransformer(continuous=['Sensor1',
                                                                                 'Sensor2',
                                                                                 'Sensor3',
                                                                                 'Sensor4',
                                                                                 'Sensor5',
                                                                                 'Sensor7',
                                                                                 'Sensor8',
                                                                                 'Sensor9',
                                                                                 'Sensor10',
                                                                                 'Sensor11',
                                                                                 'Sensor12',
                                                                                 'Sensor13',
                                                                                 'Sensor15',
                                                                                 'Sensor16',
                                                                                 'Sensor17',
                                                                                 'Sensor18',
                                                                                 'Sensor19',
                                                                                 'Sensor20',...
                                                         'Sensor12', 'Sensor13',
                                                         'Sensor15', 'Sensor16',
                                                         'Sensor17', 'Sensor18',
                                                         'Sensor19', 'Sensor20',
                                                         'Sensor21', 'Sensor22',
                                                         'Sensor23', 'Sensor24',
                                                         'Sensor25', 'Sensor26',
                                                         'Sensor27', 'Sensor28',
                                                         'Sensor29', 'Sensor30',
                                                         'Sensor31', 'Sensor32', ...],
                                             drop_correlated='no',
                                             method='Lasso',
                                             model=AdaBoostClassifier(learning_rate=0.2269400239799676,
                                                                      n_estimators=100,
                                                                      random_state=120),
                                             number=22))])",smotetomek,no,,no,Lasso,no,22.0,retained,no,0.37891522080540624,0.9255272069575925,0.556743486180407,0.5804713196212511,0.4006968641114983,0.9166666666666666,0.0467250535823032,0.4786480043291943,0.036036036036036036,-0.030774556529110337,0.024691358024691357,0.06666666666666667,COMPLETE
1,0.045652173913043485,2022-10-09 16:30:07.564465,2022-10-09 16:30:09.043671,0 days 00:00:01.479206,smoteenc,no,ANOVA,0.05036148301698937,100,22.0,"Pipeline(memory='Caching',
         steps=[('missing',
                 ColumnTransformer(n_jobs=2, remainder='passthrough',
                                   transformers=[('missingtransform',
                                                  MissingTransformer(continuous=['Sensor1',
                                                                                 'Sensor2',
                                                                                 'Sensor3',
                                                                                 'Sensor4',
                                                                                 'Sensor5',
                                                                                 'Sensor7',
                                                                                 'Sensor8',
                                                                                 'Sensor9',
                                                                                 'Sensor10',
                                                                                 'Sensor11',
                                                                                 'Sensor12',
                                                                                 'Sensor13',
                                                                                 'Sensor15',
                                                                                 'Sensor16',
                                                                                 'Sensor17',
                                                                                 'Sensor18',
                                                                                 'Sensor19',
                                                                                 'Sensor20',...
                                                         'Sensor12', 'Sensor13',
                                                         'Sensor15', 'Sensor16',
                                                         'Sensor17', 'Sensor18',
                                                         'Sensor19', 'Sensor20',
                                                         'Sensor21', 'Sensor22',
                                                         'Sensor23', 'Sensor24',
                                                         'Sensor25', 'Sensor26',
                                                         'Sensor27', 'Sensor28',
                                                         'Sensor29', 'Sensor30',
                                                         'Sensor31', 'Sensor32', ...],
                                             drop_correlated='no',
                                             method='ANOVA',
                                             model=AdaBoostClassifier(learning_rate=0.05036148301698937,
                                                                      n_estimators=100,
                                                                      random_state=120),
                                             number=22))])",smoteenc,no,,no,ANOVA,no,22.0,retained,no,0.15237705606381458,0.7476632105932498,0.31988461690201536,0.31325291547311873,0.21953534935100802,0.6,0.04511350155408452,0.48672575431822507,0.045652173913043485,-0.021009699354725315,0.029629629629629627,0.10000000000000002,COMPLETE
2,0.08857808857808858,2022-10-09 16:30:09.297853,2022-10-09 16:30:23.784102,0 days 00:00:14.486249,smoteenc,,FeatureWiz,0.01359126153661051,100,,"Pipeline(memory='Caching',
         steps=[('missing',
                 ColumnTransformer(n_jobs=2, remainder='passthrough',
                                   transformers=[('missingtransform',
                                                  MissingTransformer(continuous=['Sensor1',
                                                                                 'Sensor2',
                                                                                 'Sensor3',
                                                                                 'Sensor4',
                                                                                 'Sensor5',
                                                                                 'Sensor7',
                                                                                 'Sensor8',
                                                                                 'Sensor9',
                                                                                 'Sensor10',
                                                                                 'Sensor11',
                                                                                 'Sensor12',
                                                                                 'Sensor13',
                                                                                 'Sensor15',
                                                                                 'Sensor16',
                                                                                 'Sensor17',
                                                                                 'Sensor18',
                                                                                 'Sensor19',
                                                                                 'Sensor20',...
                                                         'Sensor12', 'Sensor13',
                                                         'Sensor15', 'Sensor16',
                                                         'Sensor17', 'Sensor18',
                                                         'Sensor19', 'Sensor20',
                                                         'Sensor21', 'Sensor22',
                                                         'Sensor23', 'Sensor24',
                                                         'Sensor25', 'Sensor26',
                                                         'Sensor27', 'Sensor28',
                                                         'Sensor29', 'Sensor30',
                                                         'Sensor31', 'Sensor32', ...],
                                             drop_correlated='no',
                                             method='FeatureWiz',
                                             model=AdaBoostClassifier(learning_rate=0.01359126153661051,
                                                                      n_estimators=100,
                                                                      random_state=120)))])",smoteenc,no,,no,FeatureWiz,no,,retained,no,0.17685935071055447,0.7769640612344375,0.3567567294734026,0.35599559297138766,0.24798106377053744,0.65,0.05109053781187725,0.5161211296856947,0.08857808857808858,0.02432073868555752,0.06089080002123481,0.16666666666666666,COMPLETE
3,0.06893510236533493,2022-10-09 16:30:23.999285,2022-10-09 16:30:25.926412,0 days 00:00:01.927127,smotetomek,no,FeatureImportance_ET,0.646571763682431,100,9.0,"Pipeline(memory='Caching',
         steps=[('missing',
                 ColumnTransformer(n_jobs=2, remainder='passthrough',
                                   transformers=[('missingtransform',
                                                  MissingTransformer(continuous=['Sensor1',
                                                                                 'Sensor2',
                                                                                 'Sensor3',
                                                                                 'Sensor4',
                                                                                 'Sensor5',
                                                                                 'Sensor7',
                                                                                 'Sensor8',
                                                                                 'Sensor9',
                                                                                 'Sensor10',
                                                                                 'Sensor11',
                                                                                 'Sensor12',
                                                                                 'Sensor13',
                                                                                 'Sensor15',
                                                                                 'Sensor16',
                                                                                 'Sensor17',
                                                                                 'Sensor18',
                                                                                 'Sensor19',
                                                                                 'Sensor20',...
                                                         'Sensor15', 'Sensor16',
                                                         'Sensor17', 'Sensor18',
                                                         'Sensor19', 'Sensor20',
                                                         'Sensor21', 'Sensor22',
                                                         'Sensor23', 'Sensor24',
                                                         'Sensor25', 'Sensor26',
                                                         'Sensor27', 'Sensor28',
                                                         'Sensor29', 'Sensor30',
                                                         'Sensor31', 'Sensor32', ...],
                                             drop_correlated='no',
                                             method='FeatureImportance_ET',
                                             model=AdaBoostClassifier(learning_rate=0.646571763682431,
                                                                      n_estimators=100,
                                                                      random_state=120),
                                             number=9))])",smotetomek,no,,no,FeatureImportance_ET,no,9.0,retained,no,0.08393110886196725,0.6474051962045497,0.19486570270853545,0.16700514066094765,0.12497315128894076,0.46666666666666673,0.044974788320492155,0.4965922220759657,0.06893510236533493,-0.002848616008543509,0.044041952087929104,0.16666666666666666,COMPLETE
4,0.09294871794871795,2022-10-09 16:30:26.117674,2022-10-09 16:30:30.621176,0 days 00:00:04.503502,no,yes,MutualInformation,0.506434091319166,100,8.0,"Pipeline(memory='Caching',
         steps=[('missing',
                 ColumnTransformer(n_jobs=2, remainder='passthrough',
                                   transformers=[('missingtransform',
                                                  MissingTransformer(continuous=['Sensor1',
                                                                                 'Sensor2',
                                                                                 'Sensor3',
                                                                                 'Sensor4',
                                                                                 'Sensor5',
                                                                                 'Sensor7',
                                                                                 'Sensor8',
                                                                                 'Sensor9',
                                                                                 'Sensor10',
                                                                                 'Sensor11',
                                                                                 'Sensor12',
                                                                                 'Sensor13',
                                                                                 'Sensor15',
                                                                                 'Sensor16',
                                                                                 'Sensor17',
                                                                                 'Sensor18',
                                                                                 'Sensor19',
                                                                                 'Sensor20',...
                                                         'Sensor15', 'Sensor16',
                                                         'Sensor17', 'Sensor18',
                                                         'Sensor19', 'Sensor20',
                                                         'Sensor21', 'Sensor22',
                                                         'Sensor23', 'Sensor24',
                                                         'Sensor25', 'Sensor26',
                                                         'Sensor27', 'Sensor28',
                                                         'Sensor29', 'Sensor30',
                                                         'Sensor31', 'Sensor32', ...],
                                             drop_correlated='yes',
                                             method='MutualInformation',
                                             model=AdaBoostClassifier(learning_rate=0.506434091319166,
                                                                      n_estimators=100,
                                                                      random_state=120),
                                             number=8))])",no,no,,yes,MutualInformation,no,8.0,retained,no,0.824884548375986,0.9083333333333333,0.8856819468024901,0.8934590508763227,1.0,0.8166666666666668,0.058460121716848175,0.5263093618826145,0.09294871794871795,0.08006322138420008,0.16666666666666666,0.06666666666666667,COMPLETE
5,0.08991411605292525,2022-10-09 16:30:30.838921,2022-10-09 16:30:44.394886,0 days 00:00:13.555965,smoteenn,,FeatureWiz,0.03333504335977492,100,,"Pipeline(memory='Caching',
         steps=[('missing',
                 ColumnTransformer(n_jobs=2, remainder='passthrough',
                                   transformers=[('missingtransform',
                                                  MissingTransformer(continuous=['Sensor1',
                                                                                 'Sensor2',
                                                                                 'Sensor3',
                                                                                 'Sensor4',
                                                                                 'Sensor5',
                                                                                 'Sensor7',
                                                                                 'Sensor8',
                                                                                 'Sensor9',
                                                                                 'Sensor10',
                                                                                 'Sensor11',
                                                                                 'Sensor12',
                                                                                 'Sensor13',
                                                                                 'Sensor15',
                                                                                 'Sensor16',
                                                                                 'Sensor17',
                                                                                 'Sensor18',
                                                                                 'Sensor19',
                                                                                 'Sensor20',...
                                                         'Sensor12', 'Sensor13',
                                                         'Sensor15', 'Sensor16',
                                                         'Sensor17', 'Sensor18',
                                                         'Sensor19', 'Sensor20',
                                                         'Sensor21', 'Sensor22',
                                                         'Sensor23', 'Sensor24',
                                                         'Sensor25', 'Sensor26',
                                                         'Sensor27', 'Sensor28',
                                                         'Sensor29', 'Sensor30',
                                                         'Sensor31', 'Sensor32', ...],
                                             drop_correlated='no',
                                             method='FeatureWiz',
                                             model=AdaBoostClassifier(learning_rate=0.03333504335977492,
                                                                      n_estimators=100,
                                                                      random_state=120)))])",smoteenn,no,,no,FeatureWiz,no,,retained,no,0.2334316752244662,0.8927192480932957,0.3929841970936661,0.43953508056427876,0.25126857557085897,0.9166666666666666,0.047434949913136994,0.5236950258142833,0.08991411605292525,0.025646095578711406,0.05628405746423056,0.2333333333333333,COMPLETE
6,0.13820153617875533,2022-10-09 16:30:44.612424,2022-10-09 16:30:49.051889,0 days 00:00:04.439465,smotetomek,yes,ANOVA,0.31351008000289554,100,3.0,"Pipeline(memory='Caching',
         steps=[('missing',
                 ColumnTransformer(n_jobs=2, remainder='passthrough',
                                   transformers=[('missingtransform',
                                                  MissingTransformer(continuous=['Sensor1',
                                                                                 'Sensor2',
                                                                                 'Sensor3',
                                                                                 'Sensor4',
                                                                                 'Sensor5',
                                                                                 'Sensor7',
                                                                                 'Sensor8',
                                                                                 'Sensor9',
                                                                                 'Sensor10',
                                                                                 'Sensor11',
                                                                                 'Sensor12',
                                                                                 'Sensor13',
                                                                                 'Sensor15',
                                                                                 'Sensor16',
                                                                                 'Sensor17',
                                                                                 'Sensor18',
                                                                                 'Sensor19',
                                                                                 'Sensor20',...
                                                         'Sensor12', 'Sensor13',
                                                         'Sensor15', 'Sensor16',
                                                         'Sensor17', 'Sensor18',
                                                         'Sensor19', 'Sensor20',
                                                         'Sensor21', 'Sensor22',
                                                         'Sensor23', 'Sensor24',
                                                         'Sensor25', 'Sensor26',
                                                         'Sensor27', 'Sensor28',
                                                         'Sensor29', 'Sensor30',
                                                         'Sensor31', 'Sensor32', ...],
                                             drop_correlated='yes',
                                             method='ANOVA',
                                             model=AdaBoostClassifier(learning_rate=0.31351008000289554,
                                                                      n_estimators=100,
                                                                      random_state=120),
                                             number=3))])",smotetomek,no,,yes,ANOVA,no,3.0,retained,no,0.08039396569196829,0.6589885396165701,0.18745690928789518,0.16789397364978764,0.11737335141131518,0.5,0.0607346018458671,0.5984686937826335,0.13820153617875533,0.09902640559553948,0.08392434988179669,0.39999999999999997,COMPLETE
7,0.1253295932678822,2022-10-09 16:30:49.317271,2022-10-09 16:30:50.753544,0 days 00:00:01.436273,smotetomek,no,ANOVA,0.399038307355477,100,13.0,"Pipeline(memory='Caching',
         steps=[('missing',
                 ColumnTransformer(n_jobs=2, remainder='passthrough',
                                   transformers=[('missingtransform',
                                                  MissingTransformer(continuous=['Sensor1',
                                                                                 'Sensor2',
                                                                                 'Sensor3',
                                                                                 'Sensor4',
                                                                                 'Sensor5',
                                                                                 'Sensor7',
                                                                                 'Sensor8',
                                                                                 'Sensor9',
                                                                                 'Sensor10',
                                                                                 'Sensor11',
                                                                                 'Sensor12',
                                                                                 'Sensor13',
                                                                                 'Sensor15',
                                                                                 'Sensor16',
                                                                                 'Sensor17',
                                                                                 'Sensor18',
                                                                                 'Sensor19',
                                                                                 'Sensor20',...
                                                         'Sensor12', 'Sensor13',
                                                         'Sensor15', 'Sensor16',
                                                         'Sensor17', 'Sensor18',
                                                         'Sensor19', 'Sensor20',
                                                         'Sensor21', 'Sensor22',
                                                         'Sensor23', 'Sensor24',
                                                         'Sensor25', 'Sensor26',
                                                         'Sensor27', 'Sensor28',
                                                         'Sensor29', 'Sensor30',
                                                         'Sensor31', 'Sensor32', ...],
                                             drop_correlated='no',
                                             method='ANOVA',
                                             model=AdaBoostClassifier(learning_rate=0.399038307355477,
                                                                      n_estimators=100,
                                                                      random_state=120),
                                             number=13))])",smotetomek,no,,no,ANOVA,no,13.0,retained,no,0.1241252511545264,0.7027364551608376,0.2864393204257351,0.2668331981206509,0.20103005741303615,0.5,0.05623110778940376,0.5638249016424612,0.1253295932678822,0.07540061095824778,0.0835978835978836,0.26666666666666666,COMPLETE
8,0.07987679494790458,2022-10-09 16:30:50.997189,2022-10-09 16:30:52.961577,0 days 00:00:01.964388,smotetomek,no,FeatureImportance_ET,0.06596309686972748,100,12.0,"Pipeline(memory='Caching',
         steps=[('missing',
                 ColumnTransformer(n_jobs=2, remainder='passthrough',
                                   transformers=[('missingtransform',
                                                  MissingTransformer(continuous=['Sensor1',
                                                                                 'Sensor2',
                                                                                 'Sensor3',
                                                                                 'Sensor4',
                                                                                 'Sensor5',
                                                                                 'Sensor7',
                                                                                 'Sensor8',
                                                                                 'Sensor9',
                                                                                 'Sensor10',
                                                                                 'Sensor11',
                                                                                 'Sensor12',
                                                                                 'Sensor13',
                                                                                 'Sensor15',
                                                                                 'Sensor16',
                                                                                 'Sensor17',
                                                                                 'Sensor18',
                                                                                 'Sensor19',
                                                                                 'Sensor20',...
                                                         'Sensor15', 'Sensor16',
                                                         'Sensor17', 'Sensor18',
                                                         'Sensor19', 'Sensor20',
                                                         'Sensor21', 'Sensor22',
                                                         'Sensor23', 'Sensor24',
                                                         'Sensor25', 'Sensor26',
                                                         'Sensor27', 'Sensor28',
                                                         'Sensor29', 'Sensor30',
                                                         'Sensor31', 'Sensor32', ...],
                                             drop_correlated='no',
                                             method='FeatureImportance_ET',
                                             model=AdaBoostClassifier(learning_rate=0.06596309686972748,
                                                                      n_estimators=100,
                                                                      random_state=120),
                                             number=12))])",smotetomek,no,,no,FeatureImportance_ET,no,12.0,retained,no,0.09254846712842597,0.6479272721941851,0.21623931623931625,0.18506691681667573,0.14715778474399163,0.43333333333333335,0.046975581876901096,0.5091154403053837,0.07987679494790458,0.01322189024542994,0.05338266384778012,0.16666666666666666,COMPLETE
9,0.06604406130268199,2022-10-09 16:30:53.158550,2022-10-09 16:31:23.380785,0 days 00:00:30.222235,smoteenn,no,BorutaShap,0.10634806958417438,100,,"Pipeline(memory='Caching',
         steps=[('missing',
                 ColumnTransformer(n_jobs=2, remainder='passthrough',
                                   transformers=[('missingtransform',
                                                  MissingTransformer(continuous=['Sensor1',
                                                                                 'Sensor2',
                                                                                 'Sensor3',
                                                                                 'Sensor4',
                                                                                 'Sensor5',
                                                                                 'Sensor7',
                                                                                 'Sensor8',
                                                                                 'Sensor9',
                                                                                 'Sensor10',
                                                                                 'Sensor11',
                                                                                 'Sensor12',
                                                                                 'Sensor13',
                                                                                 'Sensor15',
                                                                                 'Sensor16',
                                                                                 'Sensor17',
                                                                                 'Sensor18',
                                                                                 'Sensor19',
                                                                                 'Sensor20',...
                                                         'Sensor12', 'Sensor13',
                                                         'Sensor15', 'Sensor16',
                                                         'Sensor17', 'Sensor18',
                                                         'Sensor19', 'Sensor20',
                                                         'Sensor21', 'Sensor22',
                                                         'Sensor23', 'Sensor24',
                                                         'Sensor25', 'Sensor26',
                                                         'Sensor27', 'Sensor28',
                                                         'Sensor29', 'Sensor30',
                                                         'Sensor31', 'Sensor32', ...],
                                             drop_correlated='no',
                                             method='BorutaShap',
                                             model=AdaBoostClassifier(learning_rate=0.10634806958417438,
                                                                      n_estimators=100,
                                                                      random_state=120)))])",smoteenn,no,,no,BorutaShap,no,,retained,no,0.5092563504529805,0.9690171081131599,0.6738060361323357,0.6939811973117007,0.5168439716312057,0.9833333333333334,0.04523489088600016,0.5046860602869554,0.06604406130268199,0.00686158541862144,0.04936204146730463,0.10000000000000002,COMPLETE
10,0.041666666666666664,2022-10-09 16:31:23.577189,2022-10-09 16:31:36.995985,0 days 00:00:13.418796,smoteenc,,FeatureWiz,0.8756573891019366,100,,"Pipeline(memory='Caching',
         steps=[('missing',
                 ColumnTransformer(n_jobs=2, remainder='passthrough',
                                   transformers=[('missingtransform',
                                                  MissingTransformer(continuous=['Sensor1',
                                                                                 'Sensor2',
                                                                                 'Sensor3',
                                                                                 'Sensor4',
                                                                                 'Sensor5',
                                                                                 'Sensor7',
                                                                                 'Sensor8',
                                                                                 'Sensor9',
                                                                                 'Sensor10',
                                                                                 'Sensor11',
                                                                                 'Sensor12',
                                                                                 'Sensor13',
                                                                                 'Sensor15',
                                                                                 'Sensor16',
                                                                                 'Sensor17',
                                                                                 'Sensor18',
                                                                                 'Sensor19',
                                                                                 'Sensor20',...
                                                         'Sensor12', 'Sensor13',
                                                         'Sensor15', 'Sensor16',
                                                         'Sensor17', 'Sensor18',
                                                         'Sensor19', 'Sensor20',
                                                         'Sensor21', 'Sensor22',
                                                         'Sensor23', 'Sensor24',
                                                         'Sensor25', 'Sensor26',
                                                         'Sensor27', 'Sensor28',
                                                         'Sensor29', 'Sensor30',
                                                         'Sensor31', 'Sensor32', ...],
                                             drop_correlated='no',
                                             method='FeatureWiz',
                                             model=AdaBoostClassifier(learning_rate=0.8756573891019366,
                                                                      n_estimators=100,
                                                                      random_state=120)))])",smoteenc,no,,no,FeatureWiz,no,,retained,no,1.0,1.0,1.0,1.0,1.0,1.0,0.04884377891664887,0.5049478595351967,0.041666666666666664,0.010903888930362928,0.05555555555555555,0.03333333333333333,COMPLETE
11,0.05279503105590062,2022-10-09 16:31:37.216057,2022-10-09 16:31:38.852297,0 days 00:00:01.636240,smotetomek,no,ANOVA,0.34564565586352525,100,27.0,"Pipeline(memory='Caching',
         steps=[('missing',
                 ColumnTransformer(n_jobs=2, remainder='passthrough',
                                   transformers=[('missingtransform',
                                                  MissingTransformer(continuous=['Sensor1',
                                                                                 'Sensor2',
                                                                                 'Sensor3',
                                                                                 'Sensor4',
                                                                                 'Sensor5',
                                                                                 'Sensor7',
                                                                                 'Sensor8',
                                                                                 'Sensor9',
                                                                                 'Sensor10',
                                                                                 'Sensor11',
                                                                                 'Sensor12',
                                                                                 'Sensor13',
                                                                                 'Sensor15',
                                                                                 'Sensor16',
                                                                                 'Sensor17',
                                                                                 'Sensor18',
                                                                                 'Sensor19',
                                                                                 'Sensor20',...
                                                         'Sensor12', 'Sensor13',
                                                         'Sensor15', 'Sensor16',
                                                         'Sensor17', 'Sensor18',
                                                         'Sensor19', 'Sensor20',
                                                         'Sensor21', 'Sensor22',
                                                         'Sensor23', 'Sensor24',
                                                         'Sensor25', 'Sensor26',
                                                         'Sensor27', 'Sensor28',
                                                         'Sensor29', 'Sensor30',
                                                         'Sensor31', 'Sensor32', ...],
                                             drop_correlated='no',
                                             method='ANOVA',
                                             model=AdaBoostClassifier(learning_rate=0.34564565586352525,
                                                                      n_estimators=100,
                                                                      random_state=120),
                                             number=27))])",smotetomek,no,,no,ANOVA,no,27.0,retained,no,0.4577461420853024,0.8752686428223256,0.6442169659223923,0.6367084924463814,0.5543744671781756,0.7833333333333333,0.04620940946613592,0.5075738961285888,0.05279503105590062,0.00830109499418402,0.04415954415954416,0.06666666666666667,COMPLETE
12,0.09328910083627064,2022-10-09 16:31:39.048356,2022-10-09 16:31:40.249161,0 days 00:00:01.200805,smoteenn,no,ANOVA,0.3614164921347705,100,8.0,"Pipeline(memory='Caching',
         steps=[('missing',
                 ColumnTransformer(n_jobs=2, remainder='passthrough',
                                   transformers=[('missingtransform',
                                                  MissingTransformer(continuous=['Sensor1',
                                                                                 'Sensor2',
                                                                                 'Sensor3',
                                                                                 'Sensor4',
                                                                                 'Sensor5',
                                                                                 'Sensor7',
                                                                                 'Sensor8',
                                                                                 'Sensor9',
                                                                                 'Sensor10',
                                                                                 'Sensor11',
                                                                                 'Sensor12',
                                                                                 'Sensor13',
                                                                                 'Sensor15',
                                                                                 'Sensor16',
                                                                                 'Sensor17',
                                                                                 'Sensor18',
                                                                                 'Sensor19',
                                                                                 'Sensor20',...
                                                         'Sensor12', 'Sensor13',
                                                         'Sensor15', 'Sensor16',
                                                         'Sensor17', 'Sensor18',
                                                         'Sensor19', 'Sensor20',
                                                         'Sensor21', 'Sensor22',
                                                         'Sensor23', 'Sensor24',
                                                         'Sensor25', 'Sensor26',
                                                         'Sensor27', 'Sensor28',
                                                         'Sensor29', 'Sensor30',
                                                         'Sensor31', 'Sensor32', ...],
                                             drop_correlated='no',
                                             method='ANOVA',
                                             model=AdaBoostClassifier(learning_rate=0.3614164921347705,
                                                                      n_estimators=100,
                                                                      random_state=120),
                                             number=8))])",smoteenn,no,,no,ANOVA,no,8.0,retained,no,0.12564860481996895,0.7622651207793206,0.25713425647200483,0.27213991061542125,0.15864724176354172,0.7166666666666667,0.04996408491975196,0.5270706272943998,0.09328910083627064,0.02821847109676968,0.05661059533658117,0.26666666666666666,COMPLETE
13,0.08859637094931212,2022-10-09 16:31:40.449836,2022-10-09 16:31:47.080288,0 days 00:00:06.630452,smotetomek,yes,MutualInformation,0.10291828850960409,100,6.0,"Pipeline(memory='Caching',
         steps=[('missing',
                 ColumnTransformer(n_jobs=2, remainder='passthrough',
                                   transformers=[('missingtransform',
                                                  MissingTransformer(continuous=['Sensor1',
                                                                                 'Sensor2',
                                                                                 'Sensor3',
                                                                                 'Sensor4',
                                                                                 'Sensor5',
                                                                                 'Sensor7',
                                                                                 'Sensor8',
                                                                                 'Sensor9',
                                                                                 'Sensor10',
                                                                                 'Sensor11',
                                                                                 'Sensor12',
                                                                                 'Sensor13',
                                                                                 'Sensor15',
                                                                                 'Sensor16',
                                                                                 'Sensor17',
                                                                                 'Sensor18',
                                                                                 'Sensor19',
                                                                                 'Sensor20',...
                                                         'Sensor15', 'Sensor16',
                                                         'Sensor17', 'Sensor18',
                                                         'Sensor19', 'Sensor20',
                                                         'Sensor21', 'Sensor22',
                                                         'Sensor23', 'Sensor24',
                                                         'Sensor25', 'Sensor26',
                                                         'Sensor27', 'Sensor28',
                                                         'Sensor29', 'Sensor30',
                                                         'Sensor31', 'Sensor32', ...],
                                             drop_correlated='yes',
                                             method='MutualInformation',
                                             model=AdaBoostClassifier(learning_rate=0.10291828850960409,
                                                                      n_estimators=100,
                                                                      random_state=120),
                                             number=6))])",smotetomek,no,,yes,MutualInformation,no,6.0,retained,no,0.1110430586662818,0.728522226253697,0.23113642107121035,0.23487028367313542,0.14108072121521267,0.65,0.05175233142927007,0.5294107323066123,0.08859637094931212,0.026656774712585752,0.05324792641865813,0.26666666666666666,COMPLETE
14,0.07111935683364255,2022-10-09 16:31:47.272278,2022-10-09 16:31:51.339718,0 days 00:00:04.067440,smotetomek,yes,ANOVA,0.8805415253820954,100,1.0,"Pipeline(memory='Caching',
         steps=[('missing',
                 ColumnTransformer(n_jobs=2, remainder='passthrough',
                                   transformers=[('missingtransform',
                                                  MissingTransformer(continuous=['Sensor1',
                                                                                 'Sensor2',
                                                                                 'Sensor3',
                                                                                 'Sensor4',
                                                                                 'Sensor5',
                                                                                 'Sensor7',
                                                                                 'Sensor8',
                                                                                 'Sensor9',
                                                                                 'Sensor10',
                                                                                 'Sensor11',
                                                                                 'Sensor12',
                                                                                 'Sensor13',
                                                                                 'Sensor15',
                                                                                 'Sensor16',
                                                                                 'Sensor17',
                                                                                 'Sensor18',
                                                                                 'Sensor19',
                                                                                 'Sensor20',...
                                                         'Sensor12', 'Sensor13',
                                                         'Sensor15', 'Sensor16',
                                                         'Sensor17', 'Sensor18',
                                                         'Sensor19', 'Sensor20',
                                                         'Sensor21', 'Sensor22',
                                                         'Sensor23', 'Sensor24',
                                                         'Sensor25', 'Sensor26',
                                                         'Sensor27', 'Sensor28',
                                                         'Sensor29', 'Sensor30',
                                                         'Sensor31', 'Sensor32', ...],
                                             drop_correlated='yes',
                                             method='ANOVA',
                                             model=AdaBoostClassifier(learning_rate=0.8805415253820954,
                                                                      n_estimators=100,
                                                                      random_state=120),
                                             number=1))])",smotetomek,no,,yes,ANOVA,no,1.0,retained,no,0.05713884770825148,0.5992967825165931,0.11745961959048597,0.08515711081549855,0.06541122857447584,0.6166666666666667,0.044290960454674344,0.4766369765843242,0.07111935683364255,-0.019953955921607765,0.03912071535022355,0.4000000000000001,COMPLETE
15,0.09393939393939395,2022-10-09 16:31:51.544064,2022-10-09 16:31:55.597034,0 days 00:00:04.052970,no,yes,ANOVA,0.2699784582750893,100,16.0,"Pipeline(memory='Caching',
         steps=[('missing',
                 ColumnTransformer(n_jobs=2, remainder='passthrough',
                                   transformers=[('missingtransform',
                                                  MissingTransformer(continuous=['Sensor1',
                                                                                 'Sensor2',
                                                                                 'Sensor3',
                                                                                 'Sensor4',
                                                                                 'Sensor5',
                                                                                 'Sensor7',
                                                                                 'Sensor8',
                                                                                 'Sensor9',
                                                                                 'Sensor10',
                                                                                 'Sensor11',
                                                                                 'Sensor12',
                                                                                 'Sensor13',
                                                                                 'Sensor15',
                                                                                 'Sensor16',
                                                                                 'Sensor17',
                                                                                 'Sensor18',
                                                                                 'Sensor19',
                                                                                 'Sensor20',...
                                                         'Sensor12', 'Sensor13',
                                                         'Sensor15', 'Sensor16',
                                                         'Sensor17', 'Sensor18',
                                                         'Sensor19', 'Sensor20',
                                                         'Sensor21', 'Sensor22',
                                                         'Sensor23', 'Sensor24',
                                                         'Sensor25', 'Sensor26',
                                                         'Sensor27', 'Sensor28',
                                                         'Sensor29', 'Sensor30',
                                                         'Sensor31', 'Sensor32', ...],
                                             drop_correlated='yes',
                                             method='ANOVA',
                                             model=AdaBoostClassifier(learning_rate=0.2699784582750893,
                                                                      n_estimators=100,
                                                                      random_state=120),
                                             number=16))])",no,no,,yes,ANOVA,no,16.0,retained,no,0.8248728443735516,0.9083333333333333,0.8856819468024901,0.893463251534238,1.0,0.8166666666666668,0.07846012171684817,0.5247590423120237,0.09393939393939395,0.11569430922588554,0.3666666666666667,0.06666666666666667,COMPLETE
16,0.028985507246376812,2022-10-09 16:31:55.793082,2022-10-09 16:32:08.872022,0 days 00:00:13.078940,smotetomek,,FeatureWiz,0.23745223959347234,100,,"Pipeline(memory='Caching',
         steps=[('missing',
                 ColumnTransformer(n_jobs=2, remainder='passthrough',
                                   transformers=[('missingtransform',
                                                  MissingTransformer(continuous=['Sensor1',
                                                                                 'Sensor2',
                                                                                 'Sensor3',
                                                                                 'Sensor4',
                                                                                 'Sensor5',
                                                                                 'Sensor7',
                                                                                 'Sensor8',
                                                                                 'Sensor9',
                                                                                 'Sensor10',
                                                                                 'Sensor11',
                                                                                 'Sensor12',
                                                                                 'Sensor13',
                                                                                 'Sensor15',
                                                                                 'Sensor16',
                                                                                 'Sensor17',
                                                                                 'Sensor18',
                                                                                 'Sensor19',
                                                                                 'Sensor20',...
                                                         'Sensor12', 'Sensor13',
                                                         'Sensor15', 'Sensor16',
                                                         'Sensor17', 'Sensor18',
                                                         'Sensor19', 'Sensor20',
                                                         'Sensor21', 'Sensor22',
                                                         'Sensor23', 'Sensor24',
                                                         'Sensor25', 'Sensor26',
                                                         'Sensor27', 'Sensor28',
                                                         'Sensor29', 'Sensor30',
                                                         'Sensor31', 'Sensor32', ...],
                                             drop_correlated='no',
                                             method='FeatureWiz',
                                             model=AdaBoostClassifier(learning_rate=0.23745223959347234,
                                                                      n_estimators=100,
                                                                      random_state=120)))])",smotetomek,no,,no,FeatureWiz,no,,retained,no,1.0,1.0,1.0,1.0,1.0,1.0,0.045852325925195885,0.49636625568572385,0.028985507246376812,-0.013009181458597342,0.025641025641025644,0.03333333333333333,COMPLETE
17,0.11823715473169295,2022-10-09 16:32:09.110322,2022-10-09 16:32:13.599739,0 days 00:00:04.489417,smotetomek,yes,ANOVA,0.057516485667684025,100,2.0,"Pipeline(memory='Caching',
         steps=[('missing',
                 ColumnTransformer(n_jobs=2, remainder='passthrough',
                                   transformers=[('missingtransform',
                                                  MissingTransformer(continuous=['Sensor1',
                                                                                 'Sensor2',
                                                                                 'Sensor3',
                                                                                 'Sensor4',
                                                                                 'Sensor5',
                                                                                 'Sensor7',
                                                                                 'Sensor8',
                                                                                 'Sensor9',
                                                                                 'Sensor10',
                                                                                 'Sensor11',
                                                                                 'Sensor12',
                                                                                 'Sensor13',
                                                                                 'Sensor15',
                                                                                 'Sensor16',
                                                                                 'Sensor17',
                                                                                 'Sensor18',
                                                                                 'Sensor19',
                                                                                 'Sensor20',...
                                                         'Sensor12', 'Sensor13',
                                                         'Sensor15', 'Sensor16',
                                                         'Sensor17', 'Sensor18',
                                                         'Sensor19', 'Sensor20',
                                                         'Sensor21', 'Sensor22',
                                                         'Sensor23', 'Sensor24',
                                                         'Sensor25', 'Sensor26',
                                                         'Sensor27', 'Sensor28',
                                                         'Sensor29', 'Sensor30',
                                                         'Sensor31', 'Sensor32', ...],
                                             drop_correlated='yes',
                                             method='ANOVA',
                                             model=AdaBoostClassifier(learning_rate=0.057516485667684025,
                                                                      n_estimators=100,
                                                                      random_state=120),
                                             number=2))])",smotetomek,no,,yes,ANOVA,no,2.0,retained,no,0.07385582409268665,0.6488450740875124,0.164294261332055,0.14364661892970793,0.09717497261927681,0.5499999999999999,0.056236366464140465,0.5731546078130255,0.11823715473169295,0.07076556536483404,0.07075439072534091,0.3666666666666667,COMPLETE
18,0.07660455486542443,2022-10-09 16:32:13.799159,2022-10-09 16:32:18.350802,0 days 00:00:04.551643,smoteenc,yes,ANOVA,0.493528902634118,100,16.0,"Pipeline(memory='Caching',
         steps=[('missing',
                 ColumnTransformer(n_jobs=2, remainder='passthrough',
                                   transformers=[('missingtransform',
                                                  MissingTransformer(continuous=['Sensor1',
                                                                                 'Sensor2',
                                                                                 'Sensor3',
                                                                                 'Sensor4',
                                                                                 'Sensor5',
                                                                                 'Sensor7',
                                                                                 'Sensor8',
                                                                                 'Sensor9',
                                                                                 'Sensor10',
                                                                                 'Sensor11',
                                                                                 'Sensor12',
                                                                                 'Sensor13',
                                                                                 'Sensor15',
                                                                                 'Sensor16',
                                                                                 'Sensor17',
                                                                                 'Sensor18',
                                                                                 'Sensor19',
                                                                                 'Sensor20',...
                                                         'Sensor12', 'Sensor13',
                                                         'Sensor15', 'Sensor16',
                                                         'Sensor17', 'Sensor18',
                                                         'Sensor19', 'Sensor20',
                                                         'Sensor21', 'Sensor22',
                                                         'Sensor23', 'Sensor24',
                                                         'Sensor25', 'Sensor26',
                                                         'Sensor27', 'Sensor28',
                                                         'Sensor29', 'Sensor30',
                                                         'Sensor31', 'Sensor32', ...],
                                             drop_correlated='yes',
                                             method='ANOVA',
                                             model=AdaBoostClassifier(learning_rate=0.493528902634118,
                                                                      n_estimators=100,
                                                                      random_state=120),
                                             number=16))])",smoteenc,no,,yes,ANOVA,no,16.0,retained,no,0.5580160211073324,0.9049506510831841,0.7214814814814815,0.7137343989911477,0.6377777777777778,0.8333333333333334,0.050276869783596245,0.5250193789946324,0.07660455486542443,0.03480745023951235,0.06267806267806268,0.10000000000000002,COMPLETE
19,0.0,2022-10-09 16:32:18.566512,2022-10-09 16:32:34.872240,0 days 00:00:16.305728,no,yes,BorutaShap,0.010719821421725936,100,,"Pipeline(memory='Caching',
         steps=[('missing',
                 ColumnTransformer(n_jobs=2, remainder='passthrough',
                                   transformers=[('missingtransform',
                                                  MissingTransformer(continuous=['Sensor1',
                                                                                 'Sensor2',
                                                                                 'Sensor3',
                                                                                 'Sensor4',
                                                                                 'Sensor5',
                                                                                 'Sensor7',
                                                                                 'Sensor8',
                                                                                 'Sensor9',
                                                                                 'Sensor10',
                                                                                 'Sensor11',
                                                                                 'Sensor12',
                                                                                 'Sensor13',
                                                                                 'Sensor15',
                                                                                 'Sensor16',
                                                                                 'Sensor17',
                                                                                 'Sensor18',
                                                                                 'Sensor19',
                                                                                 'Sensor20',...
                                                         'Sensor12', 'Sensor13',
                                                         'Sensor15', 'Sensor16',
                                                         'Sensor17', 'Sensor18',
                                                         'Sensor19', 'Sensor20',
                                                         'Sensor21', 'Sensor22',
                                                         'Sensor23', 'Sensor24',
                                                         'Sensor25', 'Sensor26',
                                                         'Sensor27', 'Sensor28',
                                                         'Sensor29', 'Sensor30',
                                                         'Sensor31', 'Sensor32', ...],
                                             drop_correlated='yes',
                                             method='BorutaShap',
                                             model=AdaBoostClassifier(learning_rate=0.010719821421725936,
                                                                      n_estimators=100,
                                                                      random_state=120)))])",no,no,,yes,BorutaShap,no,,retained,no,0.04477616931344322,0.5,0.0,0.0,0.0,0.0,0.04477631859918855,0.5,0.0,0.0,0.0,0.0,COMPLETE
